Row;s_RTS_code;e_full_name;s_sec_type_name_dop;s_sec_form_name_full;s_zagolovok_adr;s_ISIN_code;s_CFI_code;s_trade_lot;s_step_price;s_currency_kotir;s_trade_in_date
1;A;Agilent Technologies, Inc.;Акции;Акции иностранного эмитента  обыкновенные;;US00846U1016;ESVUFN;1,00;0,01;USD;23.11.2016 0:00:00
2;AA;Alcoa Corporation;Акции;Акции иностранного эмитента  обыкновенные;;US0138721065;ESVUFR;1,00;0,01;USD;23.11.2016 0:00:00
3;AABA;Altaba Inc.;Акции;Акции иностранного эмитента  обыкновенные;;US0213461017;ESVUFR;1,00;0,01;USD;28.11.2014 0:00:00
4;AAL;American Airlines Group Inc.;Акции;Акции иностранного эмитента  обыкновенные;;US02376R1023;ESVUFR;1,00;0,01;USD;18.05.2017 0:00:00
5;AAP;Advance Auto Parts, Inc.;Акции;Акции иностранного эмитента  обыкновенные;;US00751Y1064;ESVUFR;1,00;0,01;USD;23.11.2016 0:00:00
6;AAPL;Apple Inc.;Акции;Акции иностранного эмитента  обыкновенные;;US0378331005;ESVUFR;1,00;0,01;USD;28.11.2014 0:00:00
7;ABBN;Акционерное общество "Банк Астаны";Акции;Акции иностранного эмитента  обыкновенные;;KZ1C00001023;ESVUPR;1,00;0,10;RUB;30.06.2017 0:00:00
8;ABBV;AbbVie Inc.;Акции;Акции иностранного эмитента  обыкновенные;;US00287Y1091;ESVXFR;1,00;0,01;USD;28.11.2014 0:00:00
9;ABT;Abbott Laboratories;Акции;Акции иностранного эмитента  обыкновенные;;US0028241000;ESVUFR;1,00;0,01;USD;23.11.2016 0:00:00
10;ACH;The Bank of New York Mellon;Депозитарные расписки;Депозитарные расписки иностранного эмитента на акции;Депозитарные расписки The Bank of New York Mellon, удостоверяющие права в отношении обыкновенных акций Aluminum Corporation of China Limited;US0222761092;ESVUFA;1,00;0,01;USD;18.05.2017 0:00:00
11;ACN;Accenture plc;Акции;Акции иностранного эмитента  обыкновенные класса A;;IE00B4BNMY34;ESVUFR;1,00;0,01;USD;06.10.2016 0:00:00
12;ADBE;Adobe Systems Incorporated;Акции;Акции иностранного эмитента  обыкновенные;;US00724F1012;ESVUFR;1,00;0,01;USD;23.11.2016 0:00:00
13;ADI;Analog Devices, Inc.;Акции;Акции иностранного эмитента  обыкновенные;;US0326541051;ESVUFR;1,00;0,01;USD;23.11.2016 0:00:00
14;ADM;Archer-Daniels-Midland Company;Акции;Акции иностранного эмитента  обыкновенные;;US0394831020;ESVUFR;1,00;0,01;USD;23.11.2016 0:00:00
15;ADP;Automatic Data Processing, Inc.;Акции;Акции иностранного эмитента  обыкновенные;;US0530151036;ESVUFR;1,00;0,01;USD;23.11.2016 0:00:00
16;ADS;Alliance Data Systems Corporation;Акции;Акции иностранного эмитента  обыкновенные;;US0185811082;ESVUFR;1,00;0,01;USD;18.05.2017 0:00:00
17;ADSK;Autodesk, Inc.;Акции;Акции иностранного эмитента  обыкновенные;;US0527691069;ESVUFR;1,00;0,01;USD;23.11.2016 0:00:00
18;AEE;Ameren Corporation;Акции;Акции иностранного эмитента  обыкновенные;;US0236081024;ESVUFR;1,00;0,01;USD;31.08.2017 0:00:00
19;AES;The AES Corporation;Акции;Акции иностранного эмитента  обыкновенные;;US00130H1059;ESVUFR;1,00;0,01;USD;23.11.2016 0:00:00
20;AET;Aetna Inc.;Акции;Акции иностранного эмитента  обыкновенные;;US00817Y1082;ESVUFR;1,00;0,01;USD;23.11.2016 0:00:00
21;AFL;Aflac Incorporated;Акции;Акции иностранного эмитента  обыкновенные;;US0010551028;ESEUFR;1,00;0,01;USD;23.11.2016 0:00:00
22;AGN;Allergan plc;Акции;Акции иностранного эмитента  обыкновенные;;IE00BY9D5467;ESVUFR;1,00;0,01;USD;06.10.2016 0:00:00
23;AIG;American International Group, Inc.;Акции;Акции иностранного эмитента  обыкновенные;;US0268747849;ESVUFR;1,00;0,01;USD;06.10.2016 0:00:00
24;AIV;Apartment Investment & Management Company;Акции;Акции иностранного эмитента  обыкновенные класса A;;US03748R1014;ESVUFR;1,00;0,01;USD;23.11.2016 0:00:00
25;AIZ;Assurant, Inc.;Акции;Акции иностранного эмитента  обыкновенные;;US04621X1081;ESVUFR;1,00;0,01;USD;23.11.2016 0:00:00
26;AJG;Arthur J. Gallagher & Co.;Акции;Акции иностранного эмитента  обыкновенные;;US3635761097;ESVUFR;1,00;0,01;USD;31.08.2017 0:00:00
27;AKAM;Akamai Technologies, Inc.;Акции;Акции иностранного эмитента  обыкновенные;;US00971T1016;ESVUFR;1,00;0,01;USD;23.11.2016 0:00:00
28;AKZM;“Aktobe Metalware Plant” JSC;Акции;Акции иностранного эмитента  обыкновенные;;KZ1C00001288;ESVUPR;1,00;0,10;RUB;26.09.2016 0:00:00
29;ALB;Albemarle Corporation;Акции;Акции иностранного эмитента  обыкновенные;;US0126531013;ESVUFR;1,00;0,01;USD;31.08.2017 0:00:00
30;ALGN;Align Technology, Inc.;Акции;Акции иностранного эмитента  обыкновенные;;US0162551016;ESVUFR;1,00;0,01;USD;31.08.2017 0:00:00
31;ALK;Alaska Air Group, Inc.;Акции;Акции иностранного эмитента  обыкновенные;;US0116591092;ESVUFR;1,00;0,01;USD;31.08.2017 0:00:00
32;ALL;The Allstate Corporation;Акции;Акции иностранного эмитента  обыкновенные;;US0200021014;ESVUFR;1,00;0,01;USD;23.11.2016 0:00:00
33;ALLE;Allegion Public Limited Company;Акции;Акции иностранного эмитента  обыкновенные;;IE00BFRT3W74;EFNRAR;1,00;0,01;USD;01.06.2017 0:00:00
34;ALXN;Alexion Pharmaceuticals, Inc.;Акции;Акции иностранного эмитента  обыкновенные;;US0153511094;ESVUFR;1,00;0,01;USD;23.11.2016 0:00:00
35;AMAT;Applied Materials, Inc.;Акции;Акции иностранного эмитента  обыкновенные;;US0382221051;ESVUFR;1,00;0,01;USD;23.11.2016 0:00:00
36;AMD;Advanced Micro Devices, Inc.;Акции;Акции иностранного эмитента  обыкновенные;;US0079031078;ESVUFR;1,00;0,01;USD;31.08.2017 0:00:00
37;AME;AMETEK, Inc.;Акции;Акции иностранного эмитента  обыкновенные;;US0311001004;ESVUFR;1,00;0,01;USD;06.10.2016 0:00:00
38;AMG;Affiliated Managers Group, Inc.;Акции;Акции иностранного эмитента  обыкновенные;;US0082521081;ESVUFR;1,00;0,01;USD;23.11.2016 0:00:00
39;AMGN;Amgen Inc.;Акции;Акции иностранного эмитента  обыкновенные;;US0311621009;ESVUFR;1,00;0,01;USD;06.10.2016 0:00:00
40;AMP;Ameriprise Financial, Inc.;Акции;Акции иностранного эмитента  обыкновенные;;US03076C1062;ESVUFR;1,00;0,01;USD;23.11.2016 0:00:00
41;AMT;American Tower Corporation;Акции;Акции иностранного эмитента  обыкновенные;;US03027X1000;ESVUFR;1,00;0,01;USD;23.11.2016 0:00:00
42;AMZN;Amazon.com, Inc.;Акции;Акции иностранного эмитента  обыкновенные;;US0231351067;ESVUFR;1,00;0,01;USD;06.10.2015 0:00:00
43;AN;AutoNation, Inc.;Акции;Акции иностранного эмитента  обыкновенные;;US05329W1027;ESVUFR;1,00;0,01;USD;23.11.2016 0:00:00
44;ANDV;Andeavor;Акции;Акции иностранного эмитента  обыкновенные;;US03349M1053;ESVUFR;1,00;0,01;USD;01.06.2017 0:00:00
45;ANSS;ANSYS, Inc.;Акции;Акции иностранного эмитента  обыкновенные;;US03662Q1058;ESVUFR;1,00;0,01;USD;31.08.2017 0:00:00
46;ANTM;Anthem, Inc.;Акции;Акции иностранного эмитента  обыкновенные;;US0367521038;ESVUFR;1,00;0,01;USD;01.06.2017 0:00:00
47;AON;Aon plc;Акции;Акции иностранного эмитента  обыкновенные класса A;;GB00B5BT0K07;ESVUFR;1,00;0,01;USD;23.11.2016 0:00:00
48;APA;Apache Corporation;Акции;Акции иностранного эмитента  обыкновенные;;US0374111054;ESVUFR;1,00;0,01;USD;06.10.2016 0:00:00
49;APC;Anadarko Petroleum Corporation;Акции;Акции иностранного эмитента  обыкновенные;;US0325111070;ESVUFR;1,00;0,01;USD;06.10.2016 0:00:00
50;APD;Air Products & Chemicals, Inc.;Акции;Акции иностранного эмитента  обыкновенные;;US0091581068;ESVUFN;1,00;0,01;USD;23.11.2016 0:00:00
51;APH;Amphenol Corporation;Акции;Акции иностранного эмитента  обыкновенные класса A;;US0320951017;ESVUFR;1,00;0,01;USD;23.11.2016 0:00:00
52;APTV;Aptiv PLC ;Акции;Акции иностранного эмитента  обыкновенные;;JE00B783TY65;ESVUFR;1,00;0,01;USD;26.04.2017 0:00:00
53;ARE;Alexandria Real Estate Equities, Inc.;Акции;Акции иностранного эмитента  обыкновенные;;US0152711091;ESVUFR;1,00;0,01;USD;31.08.2017 0:00:00
54;ARNC;Arconic Inc.;Акции;Акции иностранного эмитента  обыкновенные;;US03965L1008;ESVUFR;1,00;0,01;USD;02.01.2018 0:00:00
55;ATVI;Activision Blizzard, Inc.;Акции;Акции иностранного эмитента  обыкновенные;;US00507V1098;ESVUFR;1,00;0,01;USD;23.11.2016 0:00:00
56;AVB;AvalonBay Communities, Inc.;Акции;Акции иностранного эмитента  обыкновенные;;US0534841012;ESVUFR;1,00;0,01;USD;23.11.2016 0:00:00
57;AVGO;Broadcom Limited;Акции;Акции иностранного эмитента  обыкновенные;;SG9999014823;ESVUFR;1,00;0,01;USD;18.05.2017 0:00:00
58;AVP;Avon Products, Inc.;Акции;Акции иностранного эмитента  обыкновенные;;US0543031027;ESXXXX;1,00;0,01;USD;23.11.2016 0:00:00
59;AVY;Avery Dennison Corporation;Акции;Акции иностранного эмитента  обыкновенные;;US0536111091;ESXXXX;1,00;0,01;USD;23.11.2016 0:00:00
60;AXP;American Express Company;Акции;Акции иностранного эмитента  обыкновенные;;US0258161092;ESVUFR;1,00;0,01;USD;06.10.2016 0:00:00
61;AYI;Acuity Brands, Inc.;Акции;Акции иностранного эмитента  обыкновенные;;US00508Y1029;ESVUFR;1,00;0,01;USD;31.08.2017 0:00:00
62;AZO;AutoZone, Inc.;Акции;Акции иностранного эмитента  обыкновенные;;US0533321024;ESVUFR;1,00;0,01;USD;23.11.2016 0:00:00
63;BA;THE BOEING COMPANY;Акции;Акции иностранного эмитента  обыкновенные;;US0970231058;ESVUFR;1,00;0,01;USD;28.11.2014 0:00:00
64;BABA;Citibank, N.A.;Депозитарные расписки;Депозитарные расписки иностранного эмитента на акции;Депозитарные расписки Citibank, N.A., удостоверяющие права в отношении обыкновенных акций Alibaba Group Holding Limited;US01609W1027;ESVUFA;1,00;0,01;USD;15.12.2014 0:00:00
65;BAC;Bank of America Corporation;Акции;Акции иностранного эмитента  обыкновенные;;US0605051046;ESVUFR;1,00;0,01;USD;28.11.2014 0:00:00
66;BAST;JSC “BAST”;Акции;Акции иностранного эмитента  обыкновенные;;KZ1C00001015;ESVUFR;1,00;0,10;RUB;26.09.2016 0:00:00
67;BAX;Baxter International Inc.;Акции;Акции иностранного эмитента  обыкновенные;;US0718131099;ESVUFR;1,00;0,01;USD;23.11.2016 0:00:00
68;BBBY;Bed Bath & Beyond Inc.;Акции;Акции иностранного эмитента  обыкновенные;;US0758961009;ESVUFR;1,00;0,01;USD;23.11.2016 0:00:00
69;BBT;BB&T Corporation;Акции;Акции иностранного эмитента  обыкновенные;;US0549371070;ESVUFR;1,00;0,01;USD;23.11.2016 0:00:00
70;BBY;Best Buy Co., Inc.;Акции;Акции иностранного эмитента  обыкновенные;;US0865161014;ESVUFR;1,00;0,01;USD;23.11.2016 0:00:00
71;BCR;C.R. Bard, Inc.;Акции;Акции иностранного эмитента  обыкновенные;;US0673831097;ESXXXR;1,00;0,01;USD;23.11.2016 0:00:00
72;BDX;Becton, Dickinson and Company;Акции;Акции иностранного эмитента  обыкновенные;;US0758871091;ESVUFR;1,00;0,01;USD;23.11.2016 0:00:00
73;BEN;Franklin Resources, Inc.;Акции;Акции иностранного эмитента  обыкновенные;;US3546131018;ESVUFR;1,00;0,01;USD;23.11.2016 0:00:00
74;BF.B;Brown-Forman Corporation;Акции;Акции иностранного эмитента  обыкновенные класса B;;US1156372096;ESNUFR;1,00;0,01;USD;23.11.2016 0:00:00
75;BHF;Brighthouse Financial, Inc.;Акции;Акции иностранного эмитента  обыкновенные;;US10922N1037;ESVUFR;1,00;0,01;USD;31.08.2017 0:00:00
76;BHGE;Baker Hughes, a GE company;Акции;Акции иностранного эмитента  обыкновенные класса A;;US05722G1004;ESVUFR;1,00;0,01;USD;17.07.2017 0:00:00
77;BIDU;The Bank of New York Mellon;Депозитарные расписки;Депозитарные расписки иностранного эмитента на акции;Депозитарные расписки The Bank of New York Mellon, удостоверяющие права в отношении обыкновенных акций Baidu, Inc.;US0567521085;ESVUFA;1,00;0,01;USD;11.08.2015 0:00:00
78;BIIB;Biogen Inc.;Акции;Акции иностранного эмитента  обыкновенные;;US09062X1037;ESVUFR;1,00;0,01;USD;06.10.2016 0:00:00
79;BK;The Bank of New York Mellon Corporation;Акции;Акции иностранного эмитента  обыкновенные;;US0640581007;ESVUFR;1,00;0,01;USD;23.11.2016 0:00:00
80;BLK;BlackRock, Inc.;Акции;Акции иностранного эмитента  обыкновенные;;US09247X1019;ESVUFR;1,00;0,01;USD;06.10.2016 0:00:00
81;BLL;Ball Corporation;Акции;Акции иностранного эмитента  обыкновенные;;US0584981064;ESVUFR;1,00;0,01;USD;23.11.2016 0:00:00
82;BMY;Bristol-Myers Squibb Company;Акции;Акции иностранного эмитента  обыкновенные;;US1101221083;ESXXXX;1,00;0,01;USD;06.10.2016 0:00:00
83;BRK.B;Berkshire Hathaway Inc.;Акции;Акции иностранного эмитента  обыкновенные класса B;;US0846707026;ESVUFR;1,00;0,01;USD;23.11.2016 0:00:00
84;BSX;Boston Scientific Corporation;Акции;Акции иностранного эмитента  обыкновенные;;US1011371077;ESVUFR;1,00;0,01;USD;06.10.2016 0:00:00
85;BTI;Citibank, N.A.;Депозитарные расписки;Депозитарные расписки иностранного эмитента на акции;Депозитарные расписки Citibank, N.A., удостоверяющие права в отношении обыкновенных акций British American Tobacco p.l.c.;US1104481072;ESVUFA;1,00;0,01;USD;23.10.2017 0:00:00
86;BWA;BorgWarner Inc.;Акции;Акции иностранного эмитента  обыкновенные;;US0997241064;ESVUFR;1,00;0,01;USD;23.11.2016 0:00:00
87;BXP;Boston Properties, Inc.;Акции;Акции иностранного эмитента  обыкновенные;;US1011211018;ESVUFR;1,00;0,01;USD;23.11.2016 0:00:00
88;C;Citigroup Inc.;Акции;Акции иностранного эмитента  обыкновенные;;US1729674242;ESVUFR;1,00;0,01;USD;06.10.2016 0:00:00
89;CA;CA, Inc.;Акции;Акции иностранного эмитента  обыкновенные;;US12673P1057;ESVUFR;1,00;0,01;USD;23.11.2016 0:00:00
90;CAG;Conagra Brands, Inc.;Акции;Акции иностранного эмитента  обыкновенные;;US2058871029;ESVUFR;1,00;0,01;USD;23.11.2016 0:00:00
91;CAH;Cardinal Health, Inc.;Акции;Акции иностранного эмитента  обыкновенные;;US14149Y1082;ESXXXX;1,00;0,01;USD;23.11.2016 0:00:00
92;CAT;Caterpillar Inc.;Акции;Акции иностранного эмитента  обыкновенные;;US1491231015;ESVUFR;1,00;0,01;USD;28.11.2014 0:00:00
93;CB;Chubb Limited;Акции;Акции иностранного эмитента  обыкновенные;;CH0044328745;ESVUFR;1,00;0,01;USD;14.06.2017 0:00:00
94;CBG;CBRE Group, Inc.;Акции;Акции иностранного эмитента  обыкновенные класса A;;US12504L1098;ESVUFR;1,00;0,01;USD;23.11.2016 0:00:00
95;CBOE;Cboe Global Markets, Inc.;Акции;Акции иностранного эмитента  обыкновенные;;US12503M1080;ESVUFR;1,00;0,01;USD;31.08.2017 0:00:00
96;CBPO;China Biologic Products Holdings, Inc.;Акции;Акции иностранного эмитента  обыкновенные;;KYG215151047;ESVUFR;1,00;0,01;USD;23.10.2017 0:00:00
97;CBS;CBS Corporation;Акции;Акции иностранного эмитента  обыкновенные класса B;;US1248572026;ESNUFR;1,00;0,01;USD;28.11.2014 0:00:00
98;CCI;Crown Castle International Corp.;Акции;Акции иностранного эмитента  обыкновенные;;US22822V1017;ESVUFR;1,00;0,01;USD;26.04.2017 0:00:00
99;CCL;Carnival Corporation;Акции;Акции иностранного эмитента  обыкновенные;;PA1436583006;ESVUFR;1,00;0,01;USD;26.04.2017 0:00:00
100;CELG;Celgene Corporation;Акции;Акции иностранного эмитента  обыкновенные;;US1510201049;ESVUFR;1,00;0,01;USD;06.10.2016 0:00:00
101;CERN;Cerner Corporation;Акции;Акции иностранного эмитента  обыкновенные;;US1567821046;ESVUFR;1,00;0,01;USD;26.04.2017 0:00:00
102;CF;CF Industries Holdings, Inc.;Акции;Акции иностранного эмитента  обыкновенные;;US1252691001;ESVUFR;1,00;0,01;USD;26.04.2017 0:00:00
103;CFG;Citizens Financial Group, Inc.;Акции;Акции иностранного эмитента  обыкновенные;;US1746101054;ESVUFR;1,00;0,01;USD;14.06.2017 0:00:00
104;CHD;Church & Dwight Co., Inc.;Акции;Акции иностранного эмитента  обыкновенные;;US1713401024;ESVTFR;1,00;0,01;USD;26.04.2017 0:00:00
105;CHK;Chesapeake Energy Corporation;Акции;Акции иностранного эмитента  обыкновенные;;US1651671075;ESVUFR;1,00;0,01;USD;28.11.2014 0:00:00
106;CHL;The Bank of New York Mellon;Депозитарные расписки;Депозитарные расписки иностранного эмитента на акции;Депозитарные расписки The Bank of New York Mellon, удостоверяющие права в отношении обыкновенных акций China Mobile Limited;US16941M1099;ESVUFA;1,00;0,01;USD;26.08.2016 0:00:00
107;CHRW;C.H. Robinson Worldwide, Inc.;Акции;Акции иностранного эмитента  обыкновенные;;US12541W2098;ESVUFR;1,00;0,01;USD;06.10.2016 0:00:00
108;CHTR;Charter Communications, Inc.;Акции;Акции иностранного эмитента  обыкновенные класса A;;US16119P1084;ESVUFR;1,00;0,01;USD;31.08.2017 0:00:00
109;CI;Cigna Corporation;Акции;Акции иностранного эмитента  обыкновенные;;US1255091092;ESVUFR;1,00;0,01;USD;26.04.2017 0:00:00
110;CINF;Cincinnati Financial Corporation;Акции;Акции иностранного эмитента  обыкновенные;;US1720621010;ESVUFR;1,00;0,01;USD;26.04.2017 0:00:00
111;CL;Colgate-Palmolive Company;Акции;Акции иностранного эмитента  обыкновенные;;US1941621039;ESVUFR;1,00;0,01;USD;26.04.2017 0:00:00
112;CLF;Cleveland-Cliffs Inc.;Акции;Акции иностранного эмитента  обыкновенные;;US1858991011;ESVUFR;1,00;0,01;USD;01.06.2017 0:00:00
113;CLX;The Clorox Company;Акции;Акции иностранного эмитента  обыкновенные;;US1890541097;ESXXXX;1,00;0,01;USD;26.04.2017 0:00:00
114;CMA;Comerica Incorporated;Акции;Акции иностранного эмитента  обыкновенные;;US2003401070;ESVUFR;1,00;0,01;USD;26.04.2017 0:00:00
115;CMCSA;Comcast Corporation;Акции;Акции иностранного эмитента  обыкновенные класса A;;US20030N1019;ESVUFR;1,00;0,01;USD;26.04.2017 0:00:00
116;CME;CME Group Inc.;Акции;Акции иностранного эмитента  обыкновенные;;US12572Q1058;ESVUFR;1,00;0,01;USD;28.11.2014 0:00:00
117;CMG;Chipotle Mexican Grill, Inc.;Акции;Акции иностранного эмитента  обыкновенные;;US1696561059;ESVUOR;1,00;0,01;USD;26.04.2017 0:00:00
118;CMI;Cummins Inc.;Акции;Акции иностранного эмитента  обыкновенные;;US2310211063;ESVUFR;1,00;0,01;USD;06.10.2016 0:00:00
119;CMS;CMS Energy Corporation;Акции;Акции иностранного эмитента  обыкновенные;;US1258961002;ESVUFR;1,00;0,01;USD;26.04.2017 0:00:00
120;CNC;Centene Corporation;Акции;Акции иностранного эмитента  обыкновенные;;US15135B1017;ESVUFR;1,00;0,01;USD;31.08.2017 0:00:00
121;CNP;CenterPoint Energy, Inc.;Акции;Акции иностранного эмитента  обыкновенные;;US15189T1079;ESVUFR;1,00;0,01;USD;26.04.2017 0:00:00
122;COF;Capital One Financial Corporation;Акции;Акции иностранного эмитента  обыкновенные;;US14040H1059;ESVUFR;1,00;0,01;USD;26.04.2017 0:00:00
123;COG;Cabot Oil & Gas Corporation;Акции;Акции иностранного эмитента  обыкновенные;;US1270971039;ESVUFR;1,00;0,01;USD;26.04.2017 0:00:00
124;COL;Rockwell Collins, Inc.;Акции;Акции иностранного эмитента  обыкновенные;;US7743411016;ESVUFR;1,00;0,01;USD;06.10.2016 0:00:00
125;COO;The Cooper Companies, Inc.;Акции;Акции иностранного эмитента  обыкновенные;;US2166484020;ESVUFR;1,00;0,01;USD;31.08.2017 0:00:00
126;COP;ConocoPhillips;Акции;Акции иностранного эмитента  обыкновенные;;US20825C1045;ESVUFR;1,00;0,01;USD;06.10.2016 0:00:00
127;COST;Costco Wholesale Corporation;Акции;Акции иностранного эмитента  обыкновенные;;US22160K1051;ESVUFR;1,00;0,01;USD;26.04.2017 0:00:00
128;CPB;Campbell Soup Company;Акции;Акции иностранного эмитента  обыкновенные;;US1344291091;ESVUFR;1,00;0,01;USD;26.04.2017 0:00:00
129;CRM;salesforce.com, inc.;Акции;Акции иностранного эмитента  обыкновенные;;US79466L3024;ESVUFR;1,00;0,01;USD;26.04.2017 0:00:00
130;CSCO;Cisco Systems, Inc.;Акции;Акции иностранного эмитента  обыкновенные;;US17275R1023;ESVUFR;1,00;0,01;USD;28.11.2014 0:00:00
131;CSRA;CSRA Inc.;Акции;Акции иностранного эмитента  обыкновенные;;US12650T1043;ESVUFR;1,00;0,01;USD;14.06.2017 0:00:00
132;CTAS;Cintas Corporation;Акции;Акции иностранного эмитента  обыкновенные;;US1729081059;ESVTFX;1,00;0,01;USD;06.10.2016 0:00:00
133;CTL;CenturyLink, Inc.;Акции;Акции иностранного эмитента  обыкновенные;;US1567001060;ESVUFR;1,00;0,01;USD;26.04.2017 0:00:00
134;CTSH;Cognizant Technology Solutions Corporation;Акции;Акции иностранного эмитента  обыкновенные класса A;;US1924461023;ESVUFR;1,00;0,01;USD;26.04.2017 0:00:00
135;CTXS;Citrix Systems, Inc.;Акции;Акции иностранного эмитента  обыкновенные;;US1773761002;ESVUFR;1,00;0,01;USD;26.04.2017 0:00:00
136;CVS;CVS Health Corporation;Акции;Акции иностранного эмитента  обыкновенные;;US1266501006;ESVUFR;1,00;0,01;USD;26.04.2017 0:00:00
137;CVX;Chevron Corporation;Акции;Акции иностранного эмитента  обыкновенные;;US1667641005;ESVUFR;1,00;0,01;USD;28.11.2014 0:00:00
138;CXO;Concho Resources Inc.;Акции;Акции иностранного эмитента  обыкновенные;;US20605P1012;ESVUFR;1,00;0,01;USD;06.10.2016 0:00:00
139;DAL;Delta Air Lines Inc;Акции;Акции иностранного эмитента  обыкновенные;;US2473617023;ESVUFR;1,00;0,01;USD;28.11.2014 0:00:00
140;DE;Deere & Company;Акции;Акции иностранного эмитента  обыкновенные;;US2441991054;ESVUFR;1,00;0,01;USD;06.10.2016 0:00:00
141;DFS;Discover Financial Services;Акции;Акции иностранного эмитента  обыкновенные;;US2547091080;ESVUFR;1,00;0,01;USD;26.04.2017 0:00:00
142;DG;Dollar General Corporation;Акции;Акции иностранного эмитента  обыкновенные;;US2566771059;ESVUFR;1,00;0,01;USD;06.10.2016 0:00:00
143;DGX;Quest Diagnostics Incorporated;Акции;Акции иностранного эмитента  обыкновенные;;US74834L1008;ESXXXX;1,00;0,01;USD;26.04.2017 0:00:00
144;DHI;D.R. Horton, Inc.;Акции;Акции иностранного эмитента  обыкновенные;;US23331A1097;ESVUFR;1,00;0,01;USD;26.04.2017 0:00:00
145;DHR;Danaher Corporation;Акции;Акции иностранного эмитента  обыкновенные;;US2358511028;ESVUFR;1,00;0,01;USD;06.10.2016 0:00:00
146;DIS;The Walt Disney Company;Акции;Акции иностранного эмитента  обыкновенные;;US2546871060;ESVUFR;1,00;0,01;USD;28.11.2014 0:00:00
147;DISCA;Discovery Communications, Inc.;Акции;Акции иностранного эмитента  обыкновенные класса A;;US25470F1049;ESVUFR;1,00;0,01;USD;26.04.2017 0:00:00
148;DISCK;Discovery Communications, Inc.;Акции;Акции иностранного эмитента  обыкновенные класса C;;US25470F3029;ESVUFR;1,00;0,01;USD;26.04.2017 0:00:00
149;DLPH;Delphi Technologies PLC;Акции;Акции иностранного эмитента  обыкновенные;;JE00BD85SC56;ESVUFR;1,00;0,01;USD;15.12.2017 0:00:00
150;DLR;Digital Realty Trust, Inc.;Акции;Акции иностранного эмитента  обыкновенные;;US2538681030;ESVUFR;1,00;0,01;USD;31.08.2017 0:00:00
151;DLTR;Dollar Tree, Inc.;Акции;Акции иностранного эмитента  обыкновенные;;US2567461080;ESVUFR;1,00;0,01;USD;06.10.2016 0:00:00
152;DNB;The Dun & Bradstreet Corporation;Акции;Акции иностранного эмитента  обыкновенные;;US26483E1001;ESVUFR;1,00;0,01;USD;06.10.2016 0:00:00
153;DOV;Dover Corporation;Акции;Акции иностранного эмитента  обыкновенные;;US2600031080;ESVUFR;1,00;0,01;USD;06.10.2016 0:00:00
154;DPS;Dr Pepper Snapple Group, Inc.;Акции;Акции иностранного эмитента  обыкновенные;;US26138E1091;ESVUFR;1,00;0,01;USD;26.04.2017 0:00:00
155;DRI;Darden Restaurants, Inc.;Акции;Акции иностранного эмитента  обыкновенные;;US2371941053;ESVTFR;1,00;0,01;USD;26.04.2017 0:00:00
156;DVA;DaVita Inc.;Акции;Акции иностранного эмитента  обыкновенные;;US23918K1088;ESVUFR;1,00;0,01;USD;26.04.2017 0:00:00
157;DVN;Devon Energy Corporation;Акции;Акции иностранного эмитента  обыкновенные;;US25179M1036;ESVUFR;1,00;0,01;USD;06.10.2016 0:00:00
158;DWDP;DowDuPont Inc.;Акции;Акции иностранного эмитента  обыкновенные;;US26078J1007;ESVUFR;1,00;0,01;USD;29.09.2017 0:00:00
159;DXC;DXC Technology Company;Акции;Акции иностранного эмитента  обыкновенные;;US23355L1061;ESVUFR;1,00;0,01;USD;31.08.2017 0:00:00
160;EA;Electronic Arts Inc.;Акции;Акции иностранного эмитента  обыкновенные;;US2855121099;ESVUFR;1,00;0,01;USD;26.04.2017 0:00:00
161;EBAY;eBay Inc.;Акции;Акции иностранного эмитента  обыкновенные;;US2786421030;ESVUFR;1,00;0,01;USD;28.11.2014 0:00:00
162;ECL;Ecolab Inc.;Акции;Акции иностранного эмитента  обыкновенные;;US2788651006;ESVUFR;1,00;0,01;USD;26.04.2017 0:00:00
163;ED;Consolidated Edison, Inc.;Акции;Акции иностранного эмитента  обыкновенные;;US2091151041;ESVUFR;1,00;0,01;USD;31.08.2017 0:00:00
164;EFX;Equifax Inc.;Акции;Акции иностранного эмитента  обыкновенные;;US2944291051;ESVUFR;1,00;0,01;USD;06.10.2016 0:00:00
165;EIX;Edison International;Акции;Акции иностранного эмитента  обыкновенные;;US2810201077;ESVUFX;1,00;0,01;USD;26.04.2017 0:00:00
166;EL;The Estee Lauder Companies Inc.;Акции;Акции иностранного эмитента  обыкновенные класса A;;US5184391044;ESVUFR;1,00;0,01;USD;26.04.2017 0:00:00
167;EMN;Eastman Chemical Company;Акции;Акции иностранного эмитента  обыкновенные;;US2774321002;ESVUFR;1,00;0,01;USD;26.04.2017 0:00:00
168;EMR;Emerson Electric Co.;Акции;Акции иностранного эмитента  обыкновенные;;US2910111044;ESVUFX;1,00;0,01;USD;06.10.2016 0:00:00
169;ENDP;Endo International PLC;Акции;Акции иностранного эмитента  обыкновенные;;IE00BJ3V9050;ESVUFR;1,00;0,01;USD;26.04.2017 0:00:00
170;EOG;EOG Resources, Inc.;Акции;Акции иностранного эмитента  обыкновенные;;US26875P1012;ESVUFR;1,00;0,01;USD;06.10.2016 0:00:00
171;EQIX;Equinix, Inc.;Акции;Акции иностранного эмитента  обыкновенные;;US29444U7000;ESVUFR;1,00;0,01;USD;26.04.2017 0:00:00
172;EQT;EQT Corporation;Акции;Акции иностранного эмитента  обыкновенные;;US26884L1098;ESVUFR;1,00;0,01;USD;26.04.2017 0:00:00
173;ES;Eversource Energy;Акции;Акции иностранного эмитента  обыкновенные;;US30040W1080;ESVUFR;1,00;0,01;USD;26.04.2017 0:00:00
174;ESS;Essex Property Trust, Inc.;Акции;Акции иностранного эмитента  обыкновенные;;US2971781057;ESXXXX;1,00;0,01;USD;26.04.2017 0:00:00
175;ETFC;E*TRADE Financial Corporation;Акции;Акции иностранного эмитента  обыкновенные;;US2692464017;ESVUFR;1,00;0,01;USD;28.11.2014 0:00:00
176;ETN;Eaton Corporation plc;Акции;Акции иностранного эмитента  обыкновенные;;IE00B8KQN827;ESVUFR;1,00;0,01;USD;06.10.2016 0:00:00
177;ETP;Energy Transfer Partners, L.P.;Акции;Акции иностранного эмитента  обыкновенные;;US29278N1037;ESNUFR;1,00;0,01;USD;11.12.2017 0:00:00
178;EVHC;Envision Healthcare Corporation;Акции;Акции иностранного эмитента  обыкновенные;;US29414D1000;ESVUFR;1,00;0,01;USD;31.08.2017 0:00:00
179;EW;Edwards Lifesciences Corporation;Акции;Акции иностранного эмитента  обыкновенные;;US28176E1082;ESVUFR;1,00;0,01;USD;26.04.2017 0:00:00
180;EXC;Exelon Corporation;Акции;Акции иностранного эмитента  обыкновенные;;US30161N1019;ESVUFR;1,00;0,01;USD;28.11.2014 0:00:00
181;EXPD;Expeditors International of Washington, Inc.;Акции;Акции иностранного эмитента  обыкновенные;;US3021301094;ESXXXX;1,00;0,01;USD;06.10.2016 0:00:00
182;EXPE;Expedia, Inc.;Акции;Акции иностранного эмитента  обыкновенные;;US30212P3038;ESVUFR;1,00;0,01;USD;26.04.2017 0:00:00
183;EXR;Extra Space Storage Inc.;Акции;Акции иностранного эмитента  обыкновенные;;US30225T1025;ESVUFR;1,00;0,01;USD;26.04.2017 0:00:00
184;F;Ford Motor Company;Акции;Акции иностранного эмитента  обыкновенные класса A;;US3453708600;ESVUFR;1,00;0,01;USD;28.11.2014 0:00:00
185;FAST;Fastenal Company;Акции;Акции иностранного эмитента  обыкновенные;;US3119001044;ESXXXX;1,00;0,01;USD;19.10.2016 0:00:00
186;FB;Facebook, Inc.;Акции;Акции иностранного эмитента  обыкновенные класса A;;US30303M1027;ESVUFR;1,00;0,01;USD;28.11.2014 0:00:00
187;FBHS;Fortune Brands Home & Security, Inc.;Акции;Акции иностранного эмитента  обыкновенные;;US34964C1062;ESVUFR;1,00;0,01;USD;31.08.2017 0:00:00
188;FCX;Freeport-McMoRan Inc.;Акции;Акции иностранного эмитента  обыкновенные;;US35671D8570;ESVUFR;1,00;0,01;USD;19.10.2016 0:00:00
189;FDX;FedEx Corporation;Акции;Акции иностранного эмитента  обыкновенные;;US31428X1063;ESVUFR;1,00;0,01;USD;19.10.2016 0:00:00
190;FFIV;F5 Networks, Inc.;Акции;Акции иностранного эмитента  обыкновенные;;US3156161024;ESVUFR;1,00;0,01;USD;01.06.2017 0:00:00
191;FIS;Fidelity National Information Services, Inc.;Акции;Акции иностранного эмитента  обыкновенные;;US31620M1062;ESVUFR;1,00;0,01;USD;01.06.2017 0:00:00
192;FISV;Fiserv, Inc.;Акции;Акции иностранного эмитента  обыкновенные;;US3377381088;ESVUFR;1,00;0,01;USD;01.06.2017 0:00:00
193;FITB;Fifth Third Bancorp;Акции;Акции иностранного эмитента  обыкновенные;;US3167731005;ESVUFR;1,00;0,01;USD;14.06.2017 0:00:00
194;FLIR;FLIR Systems, Inc.;Акции;Акции иностранного эмитента  обыкновенные;;US3024451011;ESVUFR;1,00;0,01;USD;14.06.2017 0:00:00
195;FLR;Fluor Corporation;Акции;Акции иностранного эмитента  обыкновенные;;US3434121022;ESVUFR;1,00;0,01;USD;19.10.2016 0:00:00
196;FLS;Flowserve Corporation;Акции;Акции иностранного эмитента  обыкновенные;;US34354P1057;ESVUFR;1,00;0,01;USD;19.10.2016 0:00:00
197;FMC;FMC Corporation;Акции;Акции иностранного эмитента  обыкновенные;;US3024913036;ESVUFR;1,00;0,01;USD;01.06.2017 0:00:00
198;FOX;Twenty-First Century Fox, Inc.;Акции;Акции иностранного эмитента  обыкновенные класса B;;US90130A2006;ESVUFR;1,00;0,01;USD;01.06.2017 0:00:00
199;FOXA;Twenty-First Century Fox, Inc.;Акции;Акции иностранного эмитента  обыкновенные класса A;;US90130A1016;ESNUFR;1,00;0,01;USD;01.06.2017 0:00:00
200;FSLR;First Solar, Inc.;Акции;Акции иностранного эмитента  обыкновенные;;US3364331070;ESVUFR;1,00;0,01;USD;28.11.2014 0:00:00
201;FTI;TechnipFMC plc;Акции;Акции иностранного эмитента  обыкновенные;;GB00BDSFG982;ESVUFR;1,00;0,01;USD;31.08.2017 0:00:00
202;FTR;Frontier Communications Corporation;Акции;Акции иностранного эмитента  обыкновенные;;US35906A3068;ESVUFR;1,00;0,01;USD;31.08.2017 0:00:00
203;FTV;Fortive Corporation;Акции;Акции иностранного эмитента  обыкновенные;;US34959J1088;ESVUFR;1,00;0,01;USD;31.08.2017 0:00:00
204;GAZP0837;Gaz Capital S.A.;Облигации;Облигации иностранного эмитента  иностранного эмитента;;XS0316524130;DTFXGR;;0,01;PCT;06.12.2017 0:00:00
205;GD;General Dynamics Corporation;Акции;Акции иностранного эмитента  обыкновенные;;US3695501086;ESVUFR;1,00;0,01;USD;19.10.2016 0:00:00
206;GE;General Electric Company;Акции;Акции иностранного эмитента  обыкновенные;;US3696041033;ESVUFR;1,00;0,01;USD;28.11.2014 0:00:00
207;GGP;GGP Inc.;Акции;Акции иностранного эмитента  обыкновенные;;US36174X1019;ESVUFR;1,00;0,01;USD;01.06.2017 0:00:00
208;GILD;GILEAD SCIENCES, INC.;Акции;Акции иностранного эмитента  обыкновенные;;US3755581036;ESVUFR;1,00;0,01;USD;28.11.2014 0:00:00
209;GIS;General Mills, Inc.;Акции;Акции иностранного эмитента  обыкновенные;;US3703341046;ESVUFR;1,00;0,01;USD;01.06.2017 0:00:00
210;GLW;Corning Incorporated;Акции;Акции иностранного эмитента  обыкновенные;;US2193501051;ESVUFR;1,00;0,01;USD;18.05.2017 0:00:00
211;GM;General Motors Company;Акции;Акции иностранного эмитента  обыкновенные;;US37045V1008;ESVUFR;1,00;0,01;USD;19.10.2016 0:00:00
212;GOOG;Alphabet Inc.;Акции;Акции иностранного эмитента  обыкновенные класса C;;US02079K1079;ESNUFR;1,00;0,01;USD;09.11.2015 0:00:00
213;GOOGL;Alphabet Inc.;Акции;Акции иностранного эмитента  обыкновенные класса A;;US02079K3059;ESVUFR;1,00;0,01;USD;18.05.2017 0:00:00
214;GPC;Genuine Parts Company;Акции;Акции иностранного эмитента  обыкновенные;;US3724601055;ESXXXX;1,00;0,01;USD;14.06.2017 0:00:00
215;GPN;Global Payments Inc.;Акции;Акции иностранного эмитента  обыкновенные;;US37940X1028;ESVUFR;1,00;0,01;USD;31.08.2017 0:00:00
216;GPS;The Gap, Inc.;Акции;Акции иностранного эмитента  обыкновенные;;US3647601083;ESXXXR;1,00;0,01;USD;01.06.2017 0:00:00
217;GRMN;Garmin Ltd.;Акции;Акции иностранного эмитента  обыкновенные;;CH0114405324;ESVUFR;1,00;0,01;USD;18.05.2017 0:00:00
218;GS;The Goldman Sachs Group, Inc.;Акции;Акции иностранного эмитента  обыкновенные;;US38141G1040;ESVUFR;1,00;0,01;USD;31.08.2017 0:00:00
219;GT;The Goodyear Tire & Rubber Company;Акции;Акции иностранного эмитента  обыкновенные;;US3825501014;ESVUFR;1,00;0,01;USD;01.06.2017 0:00:00
220;GWW;WW Grainger, Inc.;Акции;Акции иностранного эмитента  обыкновенные;;US3848021040;ESXXXX;1,00;0,01;USD;26.10.2016 0:00:00
221;HAL;Halliburton Company;Акции;Акции иностранного эмитента  обыкновенные;;US4062161017;ESVUFR;1,00;0,01;USD;26.10.2016 0:00:00
222;HAS;Hasbro, Inc.;Акции;Акции иностранного эмитента  обыкновенные;;US4180561072;ESVUFR;1,00;0,01;USD;18.05.2017 0:00:00
223;HBAN;Huntington Bancshares Incorporated;Акции;Акции иностранного эмитента  обыкновенные;;US4461501045;ESXXXX;1,00;0,01;USD;31.08.2017 0:00:00
224;HBI;Hanesbrands Inc.;Акции;Акции иностранного эмитента  обыкновенные;;US4103451021;ESVUFR;1,00;0,01;USD;14.06.2017 0:00:00
225;HCA;HCA Healthcare, Inc.;Акции;Акции иностранного эмитента  обыкновенные;;US40412C1018;ESVUFR;1,00;0,01;USD;01.06.2017 0:00:00
226;HCN;Welltower Inc.;Акции;Акции иностранного эмитента  обыкновенные;;US95040Q1040;ESVUFR;1,00;0,01;USD;01.06.2017 0:00:00
227;HCP;HCP, Inc.;Акции;Акции иностранного эмитента  обыкновенные;;US40414L1098;ESVUFR;1,00;0,01;USD;01.06.2017 0:00:00
228;HD;The Home Depot, Inc.;Акции;Акции иностранного эмитента  обыкновенные;;US4370761029;ESVTFR;1,00;0,01;USD;19.10.2016 0:00:00
229;HES;Hess Corporation;Акции;Акции иностранного эмитента  обыкновенные;;US42809H1077;ESVUFR;1,00;0,01;USD;19.10.2016 0:00:00
230;HIG;The Hartford Financial Services Group, Inc.;Акции;Акции иностранного эмитента  обыкновенные;;US4165151048;ESVUFR;1,00;0,01;USD;14.06.2017 0:00:00
231;HLT;Hilton Worldwide Holdings Inc.;Акции;Акции иностранного эмитента  обыкновенные;;US43300A2033;ESVUFR;1,00;0,01;USD;31.08.2017 0:00:00
232;HOG;Harley-Davidson, Inc.;Акции;Акции иностранного эмитента  обыкновенные;;US4128221086;ESVUFR;1,00;0,01;USD;18.05.2017 0:00:00
233;HOLX;Hologic, Inc.;Акции;Акции иностранного эмитента  обыкновенные;;US4364401012;ESVUFR;1,00;0,01;USD;31.08.2017 0:00:00
234;HON;Honeywell International Inc.;Акции;Акции иностранного эмитента  обыкновенные;;US4385161066;ESVUFR;1,00;0,01;USD;19.10.2016 0:00:00
235;HP;Helmerich & Payne, Inc.;Акции;Акции иностранного эмитента  обыкновенные;;US4234521015;ESVUFR;1,00;0,01;USD;14.06.2017 0:00:00
236;HPE;Hewlett Packard Enterprise Company;Акции;Акции иностранного эмитента  обыкновенные;;US42824C1099;ESVUFR;1,00;0,01;USD;18.05.2017 0:00:00
237;HPQ;HP Inc.;Акции;Акции иностранного эмитента  обыкновенные;;US40434L1052;ESVUFR;1,00;0,01;USD;18.05.2017 0:00:00
238;HRB;H&R Block, Inc.;Акции;Акции иностранного эмитента  обыкновенные;;US0936711052;ESVUFR;1,00;0,01;USD;01.06.2017 0:00:00
239;HRL;Hormel Foods Corporation;Акции;Акции иностранного эмитента  обыкновенные;;US4404521001;ESVUFR;1,00;0,01;USD;18.05.2017 0:00:00
240;HRS;Harris Corporation;Акции;Акции иностранного эмитента  обыкновенные;;US4138751056;ESVUFR;1,00;0,01;USD;18.05.2017 0:00:00
241;HSIC;Henry Schein, Inc.;Акции;Акции иностранного эмитента  обыкновенные;;US8064071025;ESVUFR;1,00;0,01;USD;14.06.2017 0:00:00
242;HST;Host Hotels & Resorts, Inc.;Акции;Акции иностранного эмитента  обыкновенные;;US44107P1049;ESVUFR;1,00;0,01;USD;01.06.2017 0:00:00
243;HSY;The Hershey Company;Акции;Акции иностранного эмитента  обыкновенные;;US4278661081;ESVUFR;1,00;0,01;USD;19.10.2016 0:00:00
244;HUM;Humana Inc.;Акции;Акции иностранного эмитента  обыкновенные;;US4448591028;ESVUFR;1,00;0,01;USD;01.06.2017 0:00:00
245;IBM;International Business Machines Corporation;Акции;Акции иностранного эмитента  обыкновенные;;US4592001014;ESVUFR;1,00;0,01;USD;28.11.2014 0:00:00
246;IBN;Deutsche Bank Trust Company Americas;Депозитарные расписки;Депозитарные расписки иностранного эмитента на акции;Депозитарные расписки Deutsche Bank Trust Company Americas, удостоверяющие права в отношении обыкновенных акций ICICI Bank Limited;US45104G1040;ESVUFA;1,00;0,01;USD;26.08.2016 0:00:00
247;ICE;Intercontinental Exchange, Inc.;Акции;Акции иностранного эмитента  обыкновенные;;US45866F1049;ESVUFR;1,00;0,01;USD;14.06.2017 0:00:00
248;IDXX;IDEXX Laboratories, Inc.;Акции;Акции иностранного эмитента  обыкновенные;;US45168D1046;ESVUFR;1,00;0,01;USD;31.08.2017 0:00:00
249;IFF;International Flavors & Fragrances Inc.;Акции;Акции иностранного эмитента  обыкновенные;;US4595061015;ESVUFR;1,00;0,01;USD;14.06.2017 0:00:00
250;ILMN;Illumina, Inc.;Акции;Акции иностранного эмитента  обыкновенные;;US4523271090;ESVUFR;1,00;0,01;USD;01.06.2017 0:00:00
251;INCY;Incyte Corporation;Акции;Акции иностранного эмитента  обыкновенные;;US45337C1027;ESVUFR;1,00;0,01;USD;31.08.2017 0:00:00
252;INFO;IHS Markit Ltd.;Акции;Акции иностранного эмитента  обыкновенные;;BMG475671050;ESVUFR;1,00;0,01;USD;31.08.2017 0:00:00
253;INTC;Intel Corporation;Акции;Акции иностранного эмитента  обыкновенные;;US4581401001;ESVUFR;1,00;0,01;USD;28.11.2014 0:00:00
254;INTU;Intuit Inc.;Акции;Акции иностранного эмитента  обыкновенные;;US4612021034;ESVUFN;1,00;0,01;USD;01.06.2017 0:00:00
255;IP;International Paper Company;Акции;Акции иностранного эмитента  обыкновенные;;US4601461035;ESVUFR;1,00;0,01;USD;01.06.2017 0:00:00
256;IPG;The Interpublic Group of Companies, Inc.;Акции;Акции иностранного эмитента  обыкновенные;;US4606901001;ESVUFR;1,00;0,01;USD;14.06.2017 0:00:00
257;IR;Ingersoll-Rand public limited company;Акции;Акции иностранного эмитента  обыкновенные;;IE00B6330302;ESVUFR;1,00;0,01;USD;14.06.2017 0:00:00
258;IRM;Iron Mountain Incorporated;Акции;Акции иностранного эмитента  обыкновенные;;US46284V1017;ESVUFR;1,00;0,01;USD;01.06.2017 0:00:00
259;ISRG;Intuitive Surgical, Inc.;Акции;Акции иностранного эмитента  обыкновенные;;US46120E6023;ESVUFR;1,00;0,01;USD;14.06.2017 0:00:00
260;IT;Gartner, Inc.;Акции;Акции иностранного эмитента  обыкновенные;;US3666511072;ESVUFR;1,00;0,01;USD;31.08.2017 0:00:00
261;ITW;Illinois Tool Works Inc.;Акции;Акции иностранного эмитента  обыкновенные;;US4523081093;ESVTFR;1,00;0,01;USD;19.10.2016 0:00:00
262;IVZ;Invesco Ltd.;Акции;Акции иностранного эмитента  обыкновенные;;BMG491BT1088;ESVUFR;1,00;0,01;USD;01.06.2017 0:00:00
263;JBHT;JB Hunt Transport Services, Inc.;Акции;Акции иностранного эмитента  обыкновенные;;US4456581077;ESVUFR;1,00;0,01;USD;19.10.2016 0:00:00
264;JCI;Johnson Controls International plc;Акции;Акции иностранного эмитента  обыкновенные;;IE00BY7QL619;ESVUFR;1,00;0,01;USD;31.08.2017 0:00:00
265;JD;Deutsche Bank Trust Company Americas;Депозитарные расписки;Депозитарные расписки иностранного эмитента на акции;Депозитарные расписки Deutsche Bank Trust Company Americas, удостоверяющие права в отношении обыкновенных акций JD.com, Inc.;US47215P1066;ESVUFA;1,00;0,01;USD;26.08.2016 0:00:00
266;JEC;Jacobs Engineering Group Inc.;Акции;Акции иностранного эмитента  обыкновенные;;US4698141078;ESEUFR;1,00;0,01;USD;19.10.2016 0:00:00
267;JNJ;Johnson & Johnson;Акции;Акции иностранного эмитента  обыкновенные;;US4781601046;ESVUFR;1,00;0,01;USD;28.11.2014 0:00:00
268;JNPR;Juniper Networks, Inc.;Акции;Акции иностранного эмитента  обыкновенные;;US48203R1041;ESVUFR;1,00;0,01;USD;01.06.2017 0:00:00
269;JPM;JPMorgan Chase & Co.;Акции;Акции иностранного эмитента  обыкновенные;;US46625H1005;ESVUFR;1,00;0,01;USD;19.10.2016 0:00:00
270;JWN;Nordstrom, Inc.;Акции;Акции иностранного эмитента  обыкновенные;;US6556641008;ESVUFR;1,00;0,01;USD;01.06.2017 0:00:00
271;K;Kellogg Company;Акции;Акции иностранного эмитента  обыкновенные;;US4878361082;ESVUFN;1,00;0,01;USD;01.06.2017 0:00:00
272;KEP;Citibank, N.A.;Депозитарные расписки;Депозитарные расписки иностранного эмитента на акции;Депозитарные расписки Citibank, N.A., удостоверяющие права в отношении обыкновенных акций Korea Electric Power Corporation;US5006311063;ESVUFA;1,00;0,01;USD;26.08.2016 0:00:00
273;KEY;KeyCorp;Акции;Акции иностранного эмитента  обыкновенные;;US4932671088;ESVUFR;1,00;0,01;USD;01.06.2017 0:00:00
274;KHC;The Kraft Heinz Company;Акции;Акции иностранного эмитента  обыкновенные;;US5007541064;ESVUFR;1,00;0,01;USD;18.05.2017 0:00:00
275;KIM;Kimco Realty Corporation;Акции;Акции иностранного эмитента  обыкновенные;;US49446R1095;ESVUFR;1,00;0,01;USD;14.06.2017 0:00:00
276;KLAC;KLA-Tencor Corporation;Акции;Акции иностранного эмитента  обыкновенные;;US4824801009;ESVUFR;1,00;0,01;USD;01.06.2017 0:00:00
277;KMB;Kimberly-Clark Corporation;Акции;Акции иностранного эмитента  обыкновенные;;US4943681035;ESVUFR;1,00;0,01;USD;01.06.2017 0:00:00
278;KMI;Kinder Morgan, Inc.;Акции;Акции иностранного эмитента  обыкновенные класса P;;US49456B1017;ESVUFR;1,00;0,01;USD;19.10.2016 0:00:00
279;KMX;CarMax, Inc.;Акции;Акции иностранного эмитента  обыкновенные;;US1431301027;ESVUFR;1,00;0,01;USD;01.06.2017 0:00:00
280;KO;THE COCA-COLA COMPANY;Акции;Акции иностранного эмитента  обыкновенные;;US1912161007;ESVUFR;1,00;0,01;USD;28.11.2014 0:00:00
281;KORS;Michael Kors Holdings Limited;Акции;Акции иностранного эмитента  обыкновенные;;VGG607541015;ESVUFR;1,00;0,01;USD;01.06.2017 0:00:00
282;KR;The Kroger Co.;Акции;Акции иностранного эмитента  обыкновенные;;US5010441013;ESVUFR;1,00;0,01;USD;01.06.2017 0:00:00
283;KSU;Kansas City Southern;Акции;Акции иностранного эмитента  обыкновенные;;US4851703029;ESVUFR;1,00;0,01;USD;19.10.2016 0:00:00
284;L;Loews Corporation;Акции;Акции иностранного эмитента  обыкновенные;;US5404241086;ESVUFR;1,00;0,01;USD;01.06.2017 0:00:00
285;LB;L Brands, Inc.;Акции;Акции иностранного эмитента  обыкновенные;;US5017971046;ESVUFR;1,00;0,01;USD;01.06.2017 0:00:00
286;LEG;Leggett & Platt, Incorporated;Акции;Акции иностранного эмитента  обыкновенные;;US5246601075;ESXXXX;1,00;0,01;USD;14.06.2017 0:00:00
287;LEN;Lennar Corporation;Акции;Акции иностранного эмитента  обыкновенные класса A;;US5260571048;ESVUFR;1,00;0,01;USD;14.06.2017 0:00:00
288;LH;Laboratory Corporation of America Holdings;Акции;Акции иностранного эмитента  обыкновенные;;US50540R4092;ESVUFR;1,00;0,01;USD;01.06.2017 0:00:00
289;LKQ;LKQ Corporation;Акции;Акции иностранного эмитента  обыкновенные;;US5018892084;ESVUFR;1,00;0,01;USD;31.08.2017 0:00:00
290;LLL;L3 Technologies, Inc.;Акции;Акции иностранного эмитента  обыкновенные;;US5024131071;ESVUFR;1,00;0,01;USD;31.08.2017 0:00:00
291;LLY;Eli Lilly and Company;Акции;Акции иностранного эмитента  обыкновенные;;US5324571083;ESVUFR;1,00;0,01;USD;01.06.2017 0:00:00
292;LM;Legg Mason, Inc.;Акции;Акции иностранного эмитента  обыкновенные;;US5249011058;ESVUFR;1,00;0,01;USD;14.06.2017 0:00:00
293;LMT;Lockheed Martin Corporation;Акции;Акции иностранного эмитента  обыкновенные;;US5398301094;ESVUFR;1,00;0,01;USD;19.10.2016 0:00:00
294;LNT;Alliant Energy Corporation;Акции;Акции иностранного эмитента  обыкновенные;;US0188021085;ESVUFR;1,00;0,01;USD;31.08.2017 0:00:00
295;LOW;Lowe's Companies, Inc.;Акции;Акции иностранного эмитента  обыкновенные;;US5486611073;ESVUFR;1,00;0,01;USD;01.06.2017 0:00:00
296;LPL;Citibank, N.A.;Депозитарные расписки;Депозитарные расписки иностранного эмитента на акции;Депозитарные расписки Citibank, N.A., удостоверяющие права в отношении обыкновенных акций LG Display Co., Ltd.;US50186V1026;ESVUFA;1,00;0,01;USD;26.08.2016 0:00:00
297;LRCX;Lam Research Corporation;Акции;Акции иностранного эмитента  обыкновенные;;US5128071082;ESVUXR;1,00;0,01;USD;01.06.2017 0:00:00
298;LUK;Leucadia National Corporation;Акции;Акции иностранного эмитента  обыкновенные;;US5272881047;ESVUFR;1,00;0,01;USD;14.06.2017 0:00:00
299;LUV;Southwest Airlines Co.;Акции;Акции иностранного эмитента  обыкновенные;;US8447411088;ESVUFR;1,00;0,01;USD;19.10.2016 0:00:00
300;LVLT;Level 3 Communications, Inc.;Акции;Акции иностранного эмитента  обыкновенные;;US52729N3089;ESVUFR;1,00;0,01;USD;01.06.2017 0:00:00
301;LYB;LyondellBasell Industries N.V.;Акции;Акции иностранного эмитента  обыкновенные класса A;;NL0009434992;ESVUFN;1,00;0,01;USD;01.06.2017 0:00:00
302;M;Macy's, Inc.;Акции;Акции иностранного эмитента  обыкновенные;;US55616P1049;ESVUFR;1,00;0,01;USD;01.06.2017 0:00:00
303;MA;Mastercard Incorporated;Акции;Акции иностранного эмитента  обыкновенные класса A;;US57636Q1040;ESVUFR;1,00;0,01;USD;19.10.2016 0:00:00
304;MAA;Mid-America Apartment Communities, Inc.;Акции;Акции иностранного эмитента  обыкновенные;;US59522J1034;ESVUFR;1,00;0,01;USD;31.08.2017 0:00:00
305;MAC;The Macerich Company;Акции;Акции иностранного эмитента  обыкновенные;;US5543821012;ESVUFR;1,00;0,01;USD;01.06.2017 0:00:00
306;MAR;Marriott International, Inc.;Акции;Акции иностранного эмитента  обыкновенные класса A;;US5719032022;ESEUFR;1,00;0,01;USD;01.06.2017 0:00:00
307;MAS;Masco Corporation;Акции;Акции иностранного эмитента  обыкновенные;;US5745991068;ESVUFR;1,00;0,01;USD;19.10.2016 0:00:00
308;MAT;Mattel, Inc.;Акции;Акции иностранного эмитента  обыкновенные;;US5770811025;ESXXXX;1,00;0,01;USD;18.05.2017 0:00:00
309;MBT;JPMorgan Chase Bank, N.A.;Депозитарные расписки;Депозитарные расписки иностранного эмитента на акции;Депозитарные расписки JPMorgan Chase Bank, N.A., удостоверяющие права в отношении обыкновенных акций Публичное акционерное общество "Мобильные ТелеСистемы";US6074091090;ESVUFA;1,00;0,01;USD;24.08.2017 0:00:00
310;MCD;Mc'DONALDS CORPORATION;Акции;Акции иностранного эмитента  обыкновенные;;US5801351017;ESVUFR;1,00;0,01;USD;28.11.2014 0:00:00
311;MCHP;Microchip Technology Incorporated;Акции;Акции иностранного эмитента  обыкновенные;;US5950171042;ESVUFR;1,00;0,01;USD;18.05.2017 0:00:00
312;MCK;McKesson Corporation;Акции;Акции иностранного эмитента  обыкновенные;;US58155Q1031;ESVUFR;1,00;0,01;USD;01.06.2017 0:00:00
313;MCO;Moody's Corporation;Акции;Акции иностранного эмитента  обыкновенные;;US6153691059;ESVUFR;1,00;0,01;USD;18.05.2017 0:00:00
314;MDLZ;Mondelez International, Inc.;Акции;Акции иностранного эмитента  обыкновенные класса A;;US6092071058;ESVUFR;1,00;0,01;USD;19.10.2016 0:00:00
315;MDT;Medtronic Public Limited Company;Акции;Акции иностранного эмитента  обыкновенные;;IE00BTN1Y115;ESVUFR;1,00;0,01;USD;19.10.2016 0:00:00
316;MET;MetLife, Inc.;Акции;Акции иностранного эмитента  обыкновенные;;US59156R1086;ESVUFR;1,00;0,01;USD;28.11.2014 0:00:00
317;MFGP;Deutsche Bank Trust Company Americas;Депозитарные расписки;Депозитарные расписки иностранного эмитента на акции;Депозитарные расписки Deutsche Bank Trust Company Americas, удостоверяющие права в отношении обыкновенных акций Micro Focus International plc;US5948373049;EDSXFR;1,00;0,01;USD;23.10.2017 0:00:00
318;MHK;Mohawk Industries, Inc.;Акции;Акции иностранного эмитента  обыкновенные;;US6081901042;ESVUXR;1,00;0,01;USD;14.06.2017 0:00:00
319;MKC;McCormick & Company, Incorporated;Акции;Акции иностранного эмитента  обыкновенные;;US5797802064;ESNUFR;1,00;0,01;USD;14.06.2017 0:00:00
320;MLCO;Deutsche Bank Trust Company Americas;Депозитарные расписки;Депозитарные расписки иностранного эмитента на акции;Депозитарные расписки Deutsche Bank Trust Company Americas, удостоверяющие права в отношении обыкновенных акций Melco Resorts & Entertainment Limited;US5854641009;ESVUFA;1,00;0,01;USD;26.08.2016 0:00:00
321;MLM;Martin Marietta Materials, Inc.;Акции;Акции иностранного эмитента  обыкновенные;;US5732841060;ESVUFR;1,00;0,01;USD;14.06.2017 0:00:00
322;MMC;Marsh & McLennan Companies, Inc.;Акции;Акции иностранного эмитента  обыкновенные;;US5717481023;ESVUFR;1,00;0,01;USD;14.06.2017 0:00:00
323;MMM;3M Company;Акции;Акции иностранного эмитента  обыкновенные;;US88579Y1010;ESVUFR;1,00;0,01;USD;19.10.2016 0:00:00
324;MNK;Mallinckrodt public limited company;Акции;Акции иностранного эмитента  обыкновенные;;IE00BBGT3753;ESVUFR;1,00;0,01;USD;14.06.2017 0:00:00
325;MNST;Monster Beverage Corporation;Акции;Акции иностранного эмитента  обыкновенные;;US61174X1090;ESVUFR;1,00;0,01;USD;01.06.2017 0:00:00
326;MO;Altria Group, Inc.;Акции;Акции иностранного эмитента  обыкновенные;;US02209S1033;ESVUFR;1,00;0,01;USD;19.10.2016 0:00:00
327;MOMO;Deutsche Bank Trust Company Americas;Депозитарные расписки;Депозитарные расписки иностранного эмитента на акции;Депозитарные расписки Deutsche Bank Trust Company Americas, удостоверяющие права в отношении обыкновенных акций Momo Inc.;US60879B1070;ESVUFA;1,00;0,01;USD;26.08.2016 0:00:00
328;MON;Monsanto Company;Акции;Акции иностранного эмитента  обыкновенные;;US61166W1018;ESVUFR;1,00;0,01;USD;19.10.2016 0:00:00
329;MOS;The Mosaic Company;Акции;Акции иностранного эмитента  обыкновенные;;US61945C1036;ESVUFR;1,00;0,01;USD;14.06.2017 0:00:00
330;MPC;Marathon Petroleum Corporation;Акции;Акции иностранного эмитента  обыкновенные;;US56585A1025;ESVTFR;1,00;0,01;USD;01.06.2017 0:00:00
331;MRK;Merck & Co., Inc.;Акции;Акции иностранного эмитента  обыкновенные;;US58933Y1055;ESVUFR;1,00;0,01;USD;19.10.2016 0:00:00
332;MRO;Marathon Oil Corporation;Акции;Акции иностранного эмитента  обыкновенные;;US5658491064;ESVUFR;1,00;0,01;USD;19.10.2016 0:00:00
333;MS;Morgan Stanley;Акции;Акции иностранного эмитента  обыкновенные;;US6174464486;ESVUFR;1,00;0,01;USD;28.11.2014 0:00:00
334;MSFT;Microsoft Corporation;Акции;Акции иностранного эмитента  обыкновенные;;US5949181045;ESVUFR;1,00;0,01;USD;28.11.2014 0:00:00
335;MSI;Motorola Solutions, Inc.;Акции;Акции иностранного эмитента  обыкновенные;;US6200763075;ESVUFR;1,00;0,01;USD;18.05.2017 0:00:00
336;MTB;M&T Bank Corporation;Акции;Акции иностранного эмитента  обыкновенные;;US55261F1049;ESVUFR;1,00;0,01;USD;01.06.2017 0:00:00
337;MTD;Mettler-Toledo International Inc.;Акции;Акции иностранного эмитента  обыкновенные;;US5926881054;ESVUFR;1,00;0,01;USD;31.08.2017 0:00:00
338;MTS0620;MTS International Funding Limited;Облигации;Облигации иностранного эмитента;;XS0513723873;DYFXXR;1,00;0,01;PCT;22.03.2017 0:00:00
339;MU;Micron Technology, Inc.;Акции;Акции иностранного эмитента  обыкновенные;;US5951121038;ESVUFR;1,00;0,01;USD;28.11.2014 0:00:00
340;MUR;Murphy Oil Corporation;Акции;Акции иностранного эмитента  обыкновенные;;US6267171022;ESVUFR;1,00;0,01;USD;01.06.2017 0:00:00
341;MYL;Mylan N.V.;Акции;Акции иностранного эмитента  обыкновенные;;NL0011031208;ESVUFN;1,00;0,01;USD;01.06.2017 0:00:00
342;NAVI;Navient Corporation;Акции;Акции иностранного эмитента  обыкновенные;;US63938C1080;ESVUFR;1,00;0,01;USD;14.06.2017 0:00:00
343;NBL;Noble Energy, Inc.;Акции;Акции иностранного эмитента  обыкновенные;;US6550441058;ESVTFR;1,00;0,01;USD;18.05.2017 0:00:00
344;NDAQ;Nasdaq, Inc.;Акции;Акции иностранного эмитента  обыкновенные;;US6311031081;ESVUFR;1,00;0,01;USD;18.05.2017 0:00:00
345;NEE;NextEra Energy, Inc.;Акции;Акции иностранного эмитента  обыкновенные;;US65339F1012;ESVUFR;1,00;0,01;USD;18.05.2017 0:00:00
346;NEM;NEWMONT MINING CORPORATION;Акции;Акции иностранного эмитента  обыкновенные;;US6516391066;ESVUFR;1,00;0,01;USD;28.11.2014 0:00:00
347;NFLX;Netflix, Inc.;Акции;Акции иностранного эмитента  обыкновенные;;US64110L1061;ESVUFR;1,00;0,01;USD;28.11.2014 0:00:00
348;NFX;Newfield Exploration Company;Акции;Акции иностранного эмитента  обыкновенные;;US6512901082;ESVUFR;1,00;0,01;USD;14.06.2017 0:00:00
349;NKE;NIKE, Inc.;Акции;Акции иностранного эмитента  обыкновенные класса B;;US6541061031;ESVUFR;1,00;0,01;USD;19.10.2016 0:00:00
350;NLSN;Nielsen Holdings plc;Акции;Акции иностранного эмитента  обыкновенные;;GB00BWFY5505;ESVUFR;1,00;0,01;USD;19.10.2016 0:00:00
351;NOC;Northrop Grumman Corporation;Акции;Акции иностранного эмитента  обыкновенные;;US6668071029;ESVUFR;1,00;0,01;USD;26.10.2016 0:00:00
352;NOK;Citibank, N.A.;Депозитарные расписки;Депозитарные расписки иностранного эмитента на акции;Депозитарные расписки Citibank, N.A., удостоверяющие права в отношении обыкновенных акций Nokia Corporation;US6549022043;ESVUFA;1,00;0,01;USD;18.05.2017 0:00:00
353;NOV;National Oilwell Varco, Inc.;Акции;Акции иностранного эмитента  обыкновенные;;US6370711011;ESVUFR;1,00;0,01;USD;01.06.2017 0:00:00
354;NRG;NRG Energy, Inc.;Акции;Акции иностранного эмитента  обыкновенные;;US6293775085;ESVUFR;1,00;0,01;USD;28.11.2014 0:00:00
355;NSC;Norfolk Southern Corporation;Акции;Акции иностранного эмитента  обыкновенные;;US6558441084;ESVUFR;1,00;0,01;USD;26.10.2016 0:00:00
356;NTAP;NetApp, Inc.;Акции;Акции иностранного эмитента  обыкновенные;;US64110D1046;ESVUFR;1,00;0,01;USD;01.06.2017 0:00:00
357;NTRS;Northern Trust Corporation;Акции;Акции иностранного эмитента  обыкновенные;;US6658591044;ESVUFR;1,00;0,01;USD;14.06.2017 0:00:00
358;NUE;Nucor Corporation;Акции;Акции иностранного эмитента  обыкновенные;;US6703461052;ESVUFR;1,00;0,01;USD;14.06.2017 0:00:00
359;NVDA;NVIDIA Corporation;Акции;Акции иностранного эмитента  обыкновенные;;US67066G1040;ESVUFR;1,00;0,01;USD;26.10.2016 0:00:00
360;NVTK0221;Novatek Finance Designated Activity Company;Облигации;Облигации иностранного эмитента  иностранного эмитента;;XS0588433267;DYFXXR;1,00;0,01;PCT;18.04.2017 0:00:00
361;NWL;Newell Brands Inc.;Акции;Акции иностранного эмитента  обыкновенные;;US6512291062;ESVUFR;1,00;0,01;USD;14.06.2017 0:00:00
362;NWS;News Corporation;Акции;Акции иностранного эмитента  обыкновенные класса B;;US65249B2088;ESVUFR;1,00;0,01;USD;14.06.2017 0:00:00
363;NWSA;News Corporation;Акции;Акции иностранного эмитента  обыкновенные класса A;;US65249B1098;ESRUFR;1,00;0,01;USD;14.06.2017 0:00:00
364;O;Realty Income Corporation;Акции;Акции иностранного эмитента  обыкновенные;;US7561091049;ESVUFR;1,00;0,01;USD;01.06.2017 0:00:00
365;OI;Owens-Illinois, Inc.;Акции;Акции иностранного эмитента  обыкновенные;;US6907684038;ESVUFR;1,00;0,01;USD;14.06.2017 0:00:00
366;OKE;ONEOK, Inc.;Акции;Акции иностранного эмитента  обыкновенные;;US6826801036;ESVUFR;1,00;0,01;USD;01.06.2017 0:00:00
367;OMC;Omnicom Group Inc.;Акции;Акции иностранного эмитента  обыкновенные;;US6819191064;ESVUFR;1,00;0,01;USD;18.05.2017 0:00:00
368;ORCL;Oracle Corporation;Акции;Акции иностранного эмитента  обыкновенные;;US68389X1054;ESVUFR;1,00;0,01;USD;26.10.2016 0:00:00
369;ORLY;O'Reilly Automotive, Inc.;Акции;Акции иностранного эмитента  обыкновенные;;US67103H1077;ESVUFR;1,00;0,01;USD;01.06.2017 0:00:00
370;OXY;Occidental Petroleum Corporation;Акции;Акции иностранного эмитента  обыкновенные;;US6745991058;ESVUFR;1,00;0,01;USD;26.10.2016 0:00:00
371;PANW;Palo Alto Networks, Inc.;Акции;Акции иностранного эмитента  обыкновенные;;US6974351057;ESVUFR;1,00;0,01;USD;11.12.2017 0:00:00
372;PBCT;People's United Financial, Inc.;Акции;Акции иностранного эмитента  обыкновенные;;US7127041058;ESVUFR;1,00;0,01;USD;14.06.2017 0:00:00
373;PBI;Pitney Bowes Inc.;Акции;Акции иностранного эмитента  обыкновенные;;US7244791007;ESXXXX;1,00;0,01;USD;14.06.2017 0:00:00
374;PCAR;PACCAR Inc;Акции;Акции иностранного эмитента  обыкновенные;;US6937181088;ESXXXX;1,00;0,01;USD;26.10.2016 0:00:00
375;PCG;PG&E Corporation;Акции;Акции иностранного эмитента  обыкновенные;;US69331C1080;ESVUFR;1,00;0,01;USD;01.06.2017 0:00:00
376;PCLN;The Priceline Group Inc.;Акции;Акции иностранного эмитента  обыкновенные;;US7415034039;ESVUFR;1,00;0,01;USD;14.06.2017 0:00:00
377;PDCO;Patterson Companies, Inc.;Акции;Акции иностранного эмитента  обыкновенные;;US7033951036;ESVUFR;1,00;0,01;USD;01.06.2017 0:00:00
378;PEG;Public Service Enterprise Group Incorporated;Акции;Акции иностранного эмитента  обыкновенные;;US7445731067;ESVUFR;1,00;0,01;USD;14.06.2017 0:00:00
379;PEP;PepsiCo, Inc.;Акции;Акции иностранного эмитента  обыкновенные;;US7134481081;ESVUFR;1,00;0,01;USD;26.10.2016 0:00:00
380;PFE;Pfizer Inc.;Акции;Акции иностранного эмитента  обыкновенные;;US7170811035;ESVUFR;1,00;0,01;USD;28.11.2014 0:00:00
381;PFG;Principal Financial Group, Inc.;Акции;Акции иностранного эмитента  обыкновенные;;US74251V1026;ESVUFR;1,00;0,01;USD;14.06.2017 0:00:00
382;PG;The Procter & Gamble Company;Акции;Акции иностранного эмитента  обыкновенные;;US7427181091;ESVUFR;1,00;0,01;USD;28.11.2014 0:00:00
383;PGR;The Progressive Corporation;Акции;Акции иностранного эмитента  обыкновенные;;US7433151039;ESVUFR;1,00;0,01;USD;14.06.2017 0:00:00
384;PH;Parker-Hannifin Corporation;Акции;Акции иностранного эмитента  обыкновенные;;US7010941042;ESVUFR;1,00;0,01;USD;26.10.2016 0:00:00
385;PHM;PulteGroup, Inc.;Акции;Акции иностранного эмитента  обыкновенные;;US7458671010;ESVUFR;1,00;0,01;USD;14.06.2017 0:00:00
386;PKI;PerkinElmer, Inc.;Акции;Акции иностранного эмитента  обыкновенные;;US7140461093;ESVUFR;1,00;0,01;USD;14.06.2017 0:00:00
387;PLD;Prologis, Inc.;Акции;Акции иностранного эмитента  обыкновенные;;US74340W1036;ESVUFR;1,00;0,01;USD;14.06.2017 0:00:00
388;PM;Philip Morris International Inc.;Акции;Акции иностранного эмитента  обыкновенные;;US7181721090;ESVUFR;1,00;0,01;USD;28.11.2014 0:00:00
389;PNC;The PNC Financial Services Group, Inc.;Акции;Акции иностранного эмитента  обыкновенные;;US6934751057;ESXXXX;1,00;0,01;USD;14.06.2017 0:00:00
390;PPG;PPG Industries, Inc.;Акции;Акции иностранного эмитента  обыкновенные;;US6935061076;ESVUFR;1,00;0,01;USD;01.06.2017 0:00:00
391;PPL;PPL Corporation;Акции;Акции иностранного эмитента  обыкновенные;;US69351T1060;ESVUFR;1,00;0,01;USD;01.06.2017 0:00:00
392;PRU;Prudential Financial, Inc.;Акции;Акции иностранного эмитента  обыкновенные;;US7443201022;ESVUFR;1,00;0,01;USD;14.06.2017 0:00:00
393;PSA;Public Storage;Акции;Акции иностранного эмитента  обыкновенные;;US74460D1090;ESVUFR;1,00;0,01;USD;14.06.2017 0:00:00
394;PSX;Phillips 66;Акции;Акции иностранного эмитента  обыкновенные;;US7185461040;ESVUFR;1,00;0,01;USD;26.10.2016 0:00:00
395;PTR;Citibank, N.A.;Депозитарные расписки;Депозитарные расписки иностранного эмитента на акции;Депозитарные расписки Citibank, N.A., удостоверяющие права в отношении обыкновенных акций PetroChina Company Limited;US71646E1001;ESVUFA;1,00;0,01;USD;26.08.2016 0:00:00
396;PVH;PVH Corp.;Акции;Акции иностранного эмитента  обыкновенные;;US6936561009;ESVUFR;1,00;0,01;USD;01.06.2017 0:00:00
397;PWR;Quanta Services, Inc.;Акции;Акции иностранного эмитента  обыкновенные;;US74762E1029;ESVUFR;1,00;0,01;USD;26.10.2016 0:00:00
398;PX;Praxair, Inc.;Акции;Акции иностранного эмитента  обыкновенные;;US74005P1049;ESVUFR;1,00;0,01;USD;01.06.2017 0:00:00
399;PXD;Pioneer Natural Resources Company;Акции;Акции иностранного эмитента  обыкновенные;;US7237871071;ESVUFR;1,00;0,01;USD;26.10.2016 0:00:00
400;PYPL;PayPal Holdings, Inc.;Акции;Акции иностранного эмитента  обыкновенные;;US70450Y1038;ESVUFR;1,00;0,01;USD;30.07.2015 0:00:00
401;QCOM;QUALCOMM Incorporated;Акции;Акции иностранного эмитента  обыкновенные;;US7475251036;ESVUFR;1,00;0,01;USD;28.11.2014 0:00:00
402;QRVO;Qorvo, Inc.;Акции;Акции иностранного эмитента  обыкновенные;;US74736K1016;ESVUFR;1,00;0,01;USD;01.06.2017 0:00:00
403;R;Ryder System, Inc.;Акции;Акции иностранного эмитента  обыкновенные;;US7835491082;ESVUFR;1,00;0,01;USD;26.10.2016 0:00:00
404;RACE;Ferrari N.V.;Акции;Акции иностранного эмитента  обыкновенные;;NL0011585146;ESVUFN;1,00;0,01;USD;26.01.2016 0:00:00
405;RCL;Royal Caribbean Cruises Ltd.;Акции;Акции иностранного эмитента  обыкновенные;;LR0008862868;ESVUFR;1,00;0,01;USD;14.06.2017 0:00:00
406;RDY;JPMorgan Chase Bank, N.A.;Депозитарные расписки;Депозитарные расписки иностранного эмитента на акции;Депозитарные расписки JPMorgan Chase Bank, N.A., удостоверяющие права в отношении обыкновенных акций Dr. Reddy’s Laboratories Limited;US2561352038;ESVUFA;1,00;0,01;USD;26.08.2016 0:00:00
407;RE;Everest Re Group, Ltd.;Акции;Акции иностранного эмитента  обыкновенные;;BMG3223R1088;ESVUFR;1,00;0,01;USD;31.08.2017 0:00:00
408;REG;Regency Centers Corporation;Акции;Акции иностранного эмитента  обыкновенные;;US7588491032;ESVUFR;1,00;0,01;USD;31.08.2017 0:00:00
409;REGN;Regeneron Pharmaceuticals, Inc.;Акции;Акции иностранного эмитента  обыкновенные;;US75886F1075;ESVUFR;1,00;0,01;USD;01.06.2017 0:00:00
410;RF;Regions Financial Corporation;Акции;Акции иностранного эмитента  обыкновенные;;US7591EP1005;ESVUFR;1,00;0,01;USD;14.06.2017 0:00:00
411;RHI;Robert Half International Inc.;Акции;Акции иностранного эмитента  обыкновенные;;US7703231032;ESXXXX;1,00;0,01;USD;26.10.2016 0:00:00
412;RHT;Red Hat, Inc.;Акции;Акции иностранного эмитента  обыкновенные;;US7565771026;ESVUFR;1,00;0,01;USD;18.05.2017 0:00:00
413;RIG;Transocean Ltd.;Акции;Акции иностранного эмитента  обыкновенные;;CH0048265513;ESVUFR;1,00;0,01;USD;01.06.2017 0:00:00
414;RJF;Raymond James Financial, Inc.;Акции;Акции иностранного эмитента  обыкновенные;;US7547301090;ESXXXX;1,00;0,01;USD;31.08.2017 0:00:00
415;RL;Ralph Lauren Corporation;Акции;Акции иностранного эмитента  обыкновенные класса A;;US7512121010;ESVUFR;1,00;0,01;USD;18.05.2017 0:00:00
416;ROK;Rockwell Automation, Inc.;Акции;Акции иностранного эмитента  обыкновенные;;US7739031091;ESVUFR;1,00;0,01;USD;26.10.2016 0:00:00
417;ROP;Roper Technologies, Inc.;Акции;Акции иностранного эмитента  обыкновенные;;US7766961061;ESVUFR;1,00;0,01;USD;26.10.2016 0:00:00
418;ROST;Ross Stores, Inc.;Акции;Акции иностранного эмитента  обыкновенные;;US7782961038;ESVUFR;1,00;0,01;USD;14.06.2017 0:00:00
419;RRC;Range Resources Corporation;Акции;Акции иностранного эмитента  обыкновенные;;US75281A1097;ESVUFR;1,00;0,01;USD;14.06.2017 0:00:00
420;RSG;Republic Services, Inc.;Акции;Акции иностранного эмитента  обыкновенные;;US7607591002;ESVUFR;1,00;0,01;USD;26.10.2016 0:00:00
421;RSHB1023;RSHB Capital S.A.;Облигации;Облигации иностранного эмитента  иностранного эмитента;;XS0979891925;DTFXFR;;0,01;PCT;06.12.2017 0:00:00
422;RTN;Raytheon Company;Акции;Акции иностранного эмитента  обыкновенные;;US7551115071;ESVUFR;1,00;0,01;USD;14.06.2017 0:00:00
423;SBUX;Starbucks Corporation;Акции;Акции иностранного эмитента  обыкновенные;;US8552441094;ESVUFR;1,00;0,01;USD;28.11.2014 0:00:00
424;SCG;SCANA Corporation;Акции;Акции иностранного эмитента  обыкновенные;;US80589M1027;ESVUFR;1,00;0,01;USD;01.06.2017 0:00:00
425;SCHW;The Charles Schwab Corporation;Акции;Акции иностранного эмитента  обыкновенные;;US8085131055;ESVUFR;1,00;0,01;USD;26.10.2016 0:00:00
426;SEE;Sealed Air Corporation;Акции;Акции иностранного эмитента  обыкновенные;;US81211K1007;ESVUFR;1,00;0,01;USD;14.06.2017 0:00:00
427;SGENperp;Societe Generale  S.A.;Облигации;Облигации иностранного эмитента  иностранного эмитента;;USF43628B413;DBFUQR;;0,01;PCT;06.12.2017 0:00:00
428;SHW;The Sherwin-Williams Company;Акции;Акции иностранного эмитента  обыкновенные;;US8243481061;ESVUFR;1,00;0,01;USD;14.06.2017 0:00:00
429;SIG;Signet Jewelers Limited;Акции;Акции иностранного эмитента  обыкновенные;;BMG812761002;ESVUFR;1,00;0,01;USD;14.06.2017 0:00:00
430;SJM;The J.M. Smucker Company;Акции;Акции иностранного эмитента  обыкновенные;;US8326964058;ESVUFR;1,00;0,01;USD;14.06.2017 0:00:00
431;SKM;Citibank, N.A.;Депозитарные расписки;Депозитарные расписки иностранного эмитента на акции;Депозитарные расписки Citibank, N.A., удостоверяющие права в отношении обыкновенных акций SK Telecom Co., Ltd.;US78440P1084;ESVUFA;1,00;0,01;USD;26.08.2016 0:00:00
432;SLB;Schlumberger Limited;Акции;Акции иностранного эмитента  обыкновенные;;AN8068571086;ESXUFX;1,00;0,01;USD;26.10.2016 0:00:00
433;SLG;SL Green Realty Corp.;Акции;Акции иностранного эмитента  обыкновенные;;US78440X1019;ESVUFR;1,00;0,01;USD;14.06.2017 0:00:00
434;SNA;Snap-on Incorporated;Акции;Акции иностранного эмитента  обыкновенные;;US8330341012;ESVUFR;1,00;0,01;USD;26.10.2016 0:00:00
435;SNI;Scripps Networks Interactive, Inc.;Акции;Акции иностранного эмитента  обыкновенные класса A;;US8110651010;ESVUFR;1,00;0,01;USD;14.06.2017 0:00:00
436;SNPS;Synopsys, Inc.;Акции;Акции иностранного эмитента  обыкновенные;;US8716071076;ESVUFR;1,00;0,01;USD;31.08.2017 0:00:00
437;SO;The Southern Company;Акции;Акции иностранного эмитента  обыкновенные;;US8425871071;ESVUFR;1,00;0,01;USD;01.06.2017 0:00:00
438;SOHU;Sohu.com Inc.;Акции;Акции иностранного эмитента  обыкновенные;;US83408W1036;ESVUFR;1,00;0,01;USD;26.08.2016 0:00:00
439;SPG;Simon Property Group, Inc.;Акции;Акции иностранного эмитента  обыкновенные;;US8288061091;ESVUFR;1,00;0,01;USD;01.06.2017 0:00:00
440;SPGI;S&P Global Inc.;Акции;Акции иностранного эмитента  обыкновенные;;US78409V1044;ESVUFR;1,00;0,01;USD;31.08.2017 0:00:00
441;SQ;Square, Inc.;Акции;Акции иностранного эмитента  обыкновенные класса A;;US8522341036;ESVUFR;1,00;0,01;USD;11.12.2017 0:00:00
442;SRCL;Stericycle, Inc.;Акции;Акции иностранного эмитента  обыкновенные;;US8589121081;ESVUFR;1,00;0,01;USD;06.10.2016 0:00:00
443;SRE;Sempra Energy;Акции;Акции иностранного эмитента  обыкновенные;;US8168511090;ESVUFR;1,00;0,01;USD;14.06.2017 0:00:00
444;STT;State Street Corporation;Акции;Акции иностранного эмитента  обыкновенные;;US8574771031;ESVUFR;1,00;0,01;USD;01.06.2017 0:00:00
445;STX;Seagate Technology Public Limited Company;Акции;Акции иностранного эмитента  обыкновенные;;IE00B58JVZ52;ESVUFR;1,00;0,01;USD;18.05.2017 0:00:00
446;STZ;Constellation Brands, Inc.;Акции;Акции иностранного эмитента  обыкновенные класса A;;US21036P1084;ESVUFR;1,00;0,01;USD;01.06.2017 0:00:00
447;SWK;Stanley Black & Decker, Inc.;Акции;Акции иностранного эмитента  обыкновенные;;US8545021011;ESVUFR;1,00;0,01;USD;26.10.2016 0:00:00
448;SWKS;Skyworks Solutions, Inc.;Акции;Акции иностранного эмитента  обыкновенные;;US83088M1027;ESVUFR;1,00;0,01;USD;01.06.2017 0:00:00
449;SWN;Southwestern Energy Company;Акции;Акции иностранного эмитента  обыкновенные;;US8454671095;ESVUFX;1,00;0,01;USD;18.05.2017 0:00:00
450;SYF;Synchrony Financial;Акции;Акции иностранного эмитента  обыкновенные;;US87165B1035;ESVUFR;1,00;0,01;USD;14.06.2017 0:00:00
451;SYK;Stryker Corporation;Акции;Акции иностранного эмитента  обыкновенные;;US8636671013;ESXXXX;1,00;0,01;USD;14.06.2017 0:00:00
452;SYMC;Symantec Corporation;Акции;Акции иностранного эмитента  обыкновенные;;US8715031089;ESVUFR;1,00;0,01;USD;18.05.2017 0:00:00
453;SYY;Sysco Corporation;Акции;Акции иностранного эмитента  обыкновенные;;US8718291078;ESVUFR;1,00;0,01;USD;01.06.2017 0:00:00
454;T;AT&T INC.;Акции;Акции иностранного эмитента  обыкновенные;;US00206R1023;ESVUFR;1,00;0,01;USD;28.11.2014 0:00:00
455;TAP;Molson Coors Brewing Company;Акции;Акции иностранного эмитента  обыкновенные класса B;;US60871R2094;ESVUFR;1,00;0,01;USD;14.06.2017 0:00:00
456;TDC;Teradata Corporation;Акции;Акции иностранного эмитента  обыкновенные;;US88076W1036;ESVUFR;1,00;0,01;USD;01.06.2017 0:00:00
457;TDG;TransDigm Group Incorporated;Акции;Акции иностранного эмитента  обыкновенные;;US8936411003;ESVUFR;1,00;0,01;USD;31.08.2017 0:00:00
458;TEL;TE Connectivity Ltd.;Акции;Акции иностранного эмитента  обыкновенные;;CH0102993182;ESVUFR;1,00;0,01;USD;14.06.2017 0:00:00
459;TGNA;TEGNA Inc.;Акции;Акции иностранного эмитента  обыкновенные;;US87901J1051;ESVUFR;1,00;0,01;USD;14.06.2017 0:00:00
460;TGT;Target Corporation;Акции;Акции иностранного эмитента  обыкновенные;;US87612E1064;ESVUFR;1,00;0,01;USD;26.10.2016 0:00:00
461;TIF;Tiffany & Co.;Акции;Акции иностранного эмитента  обыкновенные;;US8865471085;ESVUFR;1,00;0,01;USD;27.02.2015 0:00:00
462;TJX;The TJX Companies, Inc.;Акции;Акции иностранного эмитента  обыкновенные;;US8725401090;ESVUFR;1,00;0,01;USD;01.06.2017 0:00:00
463;TMK;Torchmark Corporation;Акции;Акции иностранного эмитента  обыкновенные;;US8910271043;ESVUXX;1,00;0,01;USD;31.08.2017 0:00:00
464;TMO;Thermo Fisher Scientific Inc.;Акции;Акции иностранного эмитента  обыкновенные;;US8835561023;ESXXXR;1,00;0,01;USD;14.06.2017 0:00:00
465;TPR;Tapestry, Inc.;Акции;Акции иностранного эмитента  обыкновенные;;US8760301072;ESVUFR;1,00;0,01;USD;26.04.2017 0:00:00
466;TRIP;TripAdvisor, Inc.;Акции;Акции иностранного эмитента  обыкновенные;;US8969452015;ESVUFR;1,00;0,01;USD;18.05.2017 0:00:00
467;TROW;T. Rowe Price Group, Inc.;Акции;Акции иностранного эмитента  обыкновенные;;US74144T1088;ESVUFR;1,00;0,01;USD;14.06.2017 0:00:00
468;TRV;The Travelers Companies, Inc.;Акции;Акции иностранного эмитента  обыкновенные;;US89417E1091;ESVUFR;1,00;0,01;USD;01.06.2017 0:00:00
469;TSCO;Tractor Supply Company;Акции;Акции иностранного эмитента  обыкновенные;;US8923561067;ESVUFR;1,00;0,01;USD;14.06.2017 0:00:00
470;TSLA;Tesla, Inc.;Акции;Акции иностранного эмитента  обыкновенные;;US88160R1014;ESVUFR;1,00;0,01;USD;22.09.2015 0:00:00
471;TSN;Tyson Foods, Inc.;Акции;Акции иностранного эмитента  обыкновенные класса A;;US9024941034;ESVUFR;1,00;0,01;USD;01.06.2017 0:00:00
472;TSS;Total System Services, Inc.;Акции;Акции иностранного эмитента  обыкновенные;;US8919061098;ESXXXX;1,00;0,01;USD;01.06.2017 0:00:00
473;TTM;Citibank, N.A.;Депозитарные расписки;Депозитарные расписки иностранного эмитента на акции;Депозитарные расписки Citibank, N.A., удостоверяющие права в отношении обыкновенных акций Tata Motors Limited;US8765685024;ESVUFA;1,00;0,01;USD;18.05.2017 0:00:00
474;TWTR;Twitter, Inc. ;Акции;Акции иностранного эмитента  обыкновенные;;US90184L1026;ESVUFR;1,00;0,01;USD;29.04.2016 0:00:00
475;TWX;Time Warner Inc.;Акции;Акции иностранного эмитента  обыкновенные;;US8873173038;ESVUFR;1,00;0,01;USD;18.05.2017 0:00:00
476;TXN;Texas Instruments Incorporated;Акции;Акции иностранного эмитента  обыкновенные;;US8825081040;ESVUFR;1,00;0,01;USD;18.05.2017 0:00:00
477;TXT;Textron Inc.;Акции;Акции иностранного эмитента  обыкновенные;;US8832031012;ESVUFR;1,00;0,01;USD;26.10.2016 0:00:00
478;UA;Under Armour, Inc.;Акции;Акции иностранного эмитента  обыкновенные класса C;;US9043112062;ESNUFR;1,00;0,01;USD;31.08.2017 0:00:00
479;UAA;Under Armour, Inc.;Акции;Акции иностранного эмитента  обыкновенные класса A;;US9043111072;ESVUFR;1,00;0,01;USD;18.05.2017 0:00:00
480;UAL;United Continental Holdings, Inc.;Акции;Акции иностранного эмитента  обыкновенные;;US9100471096;ESXXXR;1,00;0,01;USD;26.10.2016 0:00:00
481;UDR;UDR, Inc.;Акции;Акции иностранного эмитента  обыкновенные;;US9026531049;ESVUFR;1,00;0,01;USD;14.06.2017 0:00:00
482;UHS;Universal Health Services, Inc.;Акции;Акции иностранного эмитента  обыкновенные класса B;;US9139031002;ESXXXR;1,00;0,01;USD;01.06.2017 0:00:00
483;ULTA;Ulta Beauty, Inc.;Акции;Акции иностранного эмитента  обыкновенные;;US90384S3031;ESVUFR;1,00;0,01;USD;31.08.2017 0:00:00
484;UNH;UnitedHealth Group Incorporated;Акции;Акции иностранного эмитента  обыкновенные;;US91324P1021;ESVUFR;1,00;0,01;USD;26.10.2016 0:00:00
485;UNM;Unum Group;Акции;Акции иностранного эмитента  обыкновенные;;US91529Y1064;ESVUFR;1,00;0,01;USD;31.08.2017 0:00:00
486;UNP;Union Pacific Corporation;Акции;Акции иностранного эмитента  обыкновенные;;US9078181081;ESXXXR;1,00;0,01;USD;26.10.2016 0:00:00
487;UPS;United Parcel Service, Inc.;Акции;Акции иностранного эмитента  обыкновенные класса B;;US9113121068;ESVUFR;1,00;0,01;USD;26.10.2016 0:00:00
488;URBN;Urban Outfitters, Inc.;Акции;Акции иностранного эмитента  обыкновенные;;US9170471026;ESVUFR;1,00;0,01;USD;01.06.2017 0:00:00
489;URI;United Rentals, Inc.;Акции;Акции иностранного эмитента  обыкновенные;;US9113631090;ESVUFR;1,00;0,01;USD;26.10.2016 0:00:00
490;USB;U.S. Bancorp;Акции;Акции иностранного эмитента  обыкновенные;;US9029733048;ESVUFR;1,00;0,01;USD;01.06.2017 0:00:00
491;UTX;United Technologies Corporation;Акции;Акции иностранного эмитента  обыкновенные;;US9130171096;ESVUFR;1,00;0,01;USD;26.10.2016 0:00:00
492;V;Visa Inc.;Акции;Акции иностранного эмитента  обыкновенные класса A;;US92826C8394;ESVUFR;1,00;0,01;USD;28.11.2014 0:00:00
493;VAR;Varian Medical Systems, Inc.;Акции;Акции иностранного эмитента  обыкновенные;;US92220P1057;ESVUFR;1,00;0,01;USD;14.06.2017 0:00:00
494;VEON;The Bank of New York Mellon;Депозитарные расписки;Депозитарные расписки иностранного эмитента на акции;Депозитарные расписки The Bank of New York Mellon, удостоверяющие права в отношении обыкновенных акций VEON Ltd.;US91822M1062;ESVUFA;1,00;0,01;USD;24.08.2017 0:00:00
495;VFC;V.F. Corporation;Акции;Акции иностранного эмитента  обыкновенные;;US9182041080;ESVUFR;1,00;0,01;USD;01.06.2017 0:00:00
496;VIAB;Viacom Inc.;Акции;Акции иностранного эмитента  обыкновенные класса B;;US92553P2011;ESVUFR;1,00;0,01;USD;01.06.2017 0:00:00
497;VIPS;Deutsche Bank Trust Company Americas;Депозитарные расписки;Депозитарные расписки иностранного эмитента на акции;Депозитарные расписки Deutsche Bank Trust Company Americas, удостоверяющие права в отношении обыкновенных акций Vipshop Holdings Limited;US92763W1036;ESVUFA;1,00;0,01;USD;26.08.2016 0:00:00
498;VLO;Valero Energy Corporation;Акции;Акции иностранного эмитента  обыкновенные;;US91913Y1001;ESVUFR;1,00;0,01;USD;28.11.2014 0:00:00
499;VMC;Vulcan Materials Company;Акции;Акции иностранного эмитента  обыкновенные;;US9291601097;ESVUFR;1,00;0,01;USD;14.06.2017 0:00:00
500;VNO;Vornado Realty Trust;Акции;Акции иностранного эмитента  обыкновенные;;US9290421091;ESVUFR;1,00;0,01;USD;31.08.2017 0:00:00
501;VRSK;Verisk Analytics, Inc.;Акции;Акции иностранного эмитента  обыкновенные;;US92345Y1064;ESVUFR;1,00;0,01;USD;26.10.2016 0:00:00
502;VRSN;VeriSign, Inc.;Акции;Акции иностранного эмитента  обыкновенные;;US92343E1029;ESVUFR;1,00;0,01;USD;01.06.2017 0:00:00
503;VRTX;Vertex Pharmaceuticals Incorporated;Акции;Акции иностранного эмитента  обыкновенные;;US92532F1003;ESVUFR;1,00;0,01;USD;01.06.2017 0:00:00
504;VTB1020;VTB Capital S.A.;Облигации;Облигации иностранного эмитента  иностранного эмитента;;XS0548633659;DTFXFR;1,00;0,01;PCT;18.04.2017 0:00:00
505;VTBperp;VTB Eurasia Designated Activity Company;Облигации;Облигации иностранного эмитента  иностранного эмитента;;XS0810596832;DYVXXR;;0,01;PCT;06.12.2017 0:00:00
506;VTR;Ventas, Inc.;Акции;Акции иностранного эмитента  обыкновенные;;US92276F1003;ESVUFR;1,00;0,01;USD;14.06.2017 0:00:00
507;VZ;Verizon Communications Inc.;Акции;Акции иностранного эмитента  обыкновенные;;US92343V1044;ESVUFR;1,00;0,01;USD;28.11.2014 0:00:00
508;WAT;Waters Corporation;Акции;Акции иностранного эмитента  обыкновенные;;US9418481035;ESVUFR;1,00;0,01;USD;01.06.2017 0:00:00
509;WB;JPMorgan Chase Bank, N.A.;Депозитарные расписки;Депозитарные расписки иностранного эмитента на акции;Депозитарные расписки JPMorgan Chase Bank, N.A., удостоверяющие права в отношении обыкновенных акций Weibo Corporation;US9485961018;ESVUFA;1,00;0,01;USD;26.08.2016 0:00:00
510;WBA;Walgreens Boots Alliance, Inc.;Акции;Акции иностранного эмитента  обыкновенные;;US9314271084;ESVUFR;1,00;0,01;USD;14.06.2017 0:00:00
511;WDC;Western Digital Corporation;Акции;Акции иностранного эмитента  обыкновенные;;US9581021055;ESVUFR;1,00;0,01;USD;18.05.2017 0:00:00
512;WEC;WEC Energy Group, Inc.;Акции;Акции иностранного эмитента  обыкновенные;;US92939U1060;ESVUFR;1,00;0,01;USD;14.06.2017 0:00:00
513;WFC;Wells Fargo & Company;Акции;Акции иностранного эмитента  обыкновенные;;US9497461015;ESVUFR;1,00;0,01;USD;26.10.2016 0:00:00
514;WHR;Whirlpool Corporation;Акции;Акции иностранного эмитента  обыкновенные;;US9633201069;ESVUFR;1,00;0,01;USD;18.05.2017 0:00:00
515;WLTW;Willis Towers Watson Public Limited Company;Акции;Акции иностранного эмитента  обыкновенные;;IE00BDB6Q211;ESVUFR;1,00;0,01;USD;31.08.2017 0:00:00
516;WM;Waste Management, Inc.;Акции;Акции иностранного эмитента  обыкновенные;;US94106L1098;ESVUFR;1,00;0,01;USD;26.10.2016 0:00:00
517;WMB;The Williams Companies, Inc.;Акции;Акции иностранного эмитента  обыкновенные;;US9694571004;ESXXXX;1,00;0,01;USD;26.10.2016 0:00:00
518;WMT;Wal-Mart Stores, Inc.;Акции;Акции иностранного эмитента  обыкновенные;;US9311421039;ESVUFR;1,00;0,01;USD;28.11.2014 0:00:00
519;WRK;WestRock Company;Акции;Акции иностранного эмитента  обыкновенные;;US96145D1054;ESVUFR;1,00;0,01;USD;01.06.2017 0:00:00
520;WU;The Western Union Company;Акции;Акции иностранного эмитента  обыкновенные;;US9598021098;ESVUFR;1,00;0,01;USD;18.05.2017 0:00:00
521;WY;Weyerhaeuser Company;Акции;Акции иностранного эмитента  обыкновенные;;US9621661043;ESVUFR;1,00;0,01;USD;14.06.2017 0:00:00
522;WYN;Wyndham Worldwide Corporation;Акции;Акции иностранного эмитента  обыкновенные;;US98310W1080;ESVUFR;1,00;0,01;USD;14.06.2017 0:00:00
523;WYNN;Wynn Resorts, Limited;Акции;Акции иностранного эмитента  обыкновенные;;US9831341071;ESVUFR;1,00;0,01;USD;14.06.2017 0:00:00
524;XEC;Cimarex Energy Co.;Акции;Акции иностранного эмитента  обыкновенные;;US1717981013;ESVUFR;1,00;0,01;USD;14.06.2017 0:00:00
525;XEL;Xcel Energy Inc.;Акции;Акции иностранного эмитента  обыкновенные;;US98389B1008;ESVUFR;1,00;0,01;USD;14.06.2017 0:00:00
526;XL;XL Group Ltd.;Акции;Акции иностранного эмитента  обыкновенные;;BMG982941046;ESVUFR;1,00;0,01;USD;14.06.2017 0:00:00
527;XLNX;Xilinx, Inc.;Акции;Акции иностранного эмитента  обыкновенные;;US9839191015;ESVUFR;1,00;0,01;USD;01.06.2017 0:00:00
528;XOM;Exxon Mobil Corporation;Акции;Акции иностранного эмитента  обыкновенные;;US30231G1022;ESVUFR;1,00;0,01;USD;28.11.2014 0:00:00
529;XRAY;DENTSPLY SIRONA Inc.;Акции;Акции иностранного эмитента  обыкновенные;;US24906P1093;ESVUFR;1,00;0,01;USD;14.06.2017 0:00:00
530;XRX;Xerox Corporation;Акции;Акции иностранного эмитента  обыкновенные;;US9841216081;ESVUXR;1,00;0,01;USD;20.06.2017 0:00:00
531;XYL;Xylem Inc.;Акции;Акции иностранного эмитента  обыкновенные;;US98419M1009;ESVUFR;1,00;0,01;USD;26.10.2016 0:00:00
532;YUM;Yum! Brands, Inc.;Акции;Акции иностранного эмитента  обыкновенные;;US9884981013;ESVUFR;1,00;0,01;USD;01.06.2017 0:00:00
533;YY;Deutsche Bank Trust Company Americas;Депозитарные расписки;Депозитарные расписки иностранного эмитента на акции;Депозитарные расписки Deutsche Bank Trust Company Americas, удостоверяющие права в отношении обыкновенных акций YY Inc.;US98426T1060;ESVUFA;1,00;0,01;USD;26.08.2016 0:00:00
534;ZBH;Zimmer Biomet Holdings, Inc.;Акции;Акции иностранного эмитента  обыкновенные;;US98956P1021;ESVUFR;1,00;0,01;USD;01.06.2017 0:00:00
535;ZION;Zions Bancorporation;Акции;Акции иностранного эмитента  обыкновенные;;US9897011071;ESVUFX;1,00;0,01;USD;14.06.2017 0:00:00
536;ZTS;Zoetis Inc.;Акции;Акции иностранного эмитента  обыкновенные;;US98978V1035;ESVUFR;1,00;0,01;USD;14.06.2017 0:00:00
